Duration (hh:mm:ss.ms),Trial ID,Song_x,Valence,Arousal,Quadrant Color,Song_y,Tempo (bpm),Tempo Std Dev,Mean BPM,Coefficient of Variation,Rolling Coefficient of Variation,Instantaneous Rate of Tempo Change,Timestamp,Rate_of_Tempo_Change,ABSOLUTE RATE CHANGE,Tempo_Acceleration,Tempo_Change_Percentage,ABSOLUTE CHANGE PERCENTAGE,abs tempo change percentage,Arousal_Change,ABSOLUTE AROUSAL CHANGE,Tempo_Change_Category,Arousal_Response_Category,Normalized_Rate_of_Tempo_Change,Normalized_Tempo_Change_Percentage
000:00:01.466000,19.7.csv,Audio File 19.mp3,0.4204469,-0.790291341,Blue,Audio File 19,129.1992188,0.0,0.0,0.0,0.0,0.0,1.466,-10.47561233,10.47561233,,0.0,0,0,0.005172454,0.005172454,Small Change (0-5%),No Change,0.41814671815788057,0.37647058823864754
000:00:01.576000,19.6.csv,Audio File 19.mp3,0.304353579,-0.690239891,Blue,Audio File 19,135.9991776,3.925958091,131.4658717,0.052631579,0.0,61.81780801,1.576,6.799958882,6.799958882,561.9800729,5.263157895,5.263157895,5.263157895,0.10005145,0.10005145,Moderate Change (5-15%),Increase in Tempo ‚Üí Increase in Arousal,0.553132832081728,0.4264779596104794
000:00:01.817000,19.5.csv,Audio File 19.mp3,0.141935484,-0.824064516,Blue,Audio File 19,135.9991776,3.925958091,133.7325247,0.0,0.0,0.0,1.817,0.0,0,-256.5054274,0.0,0,0,-0.133824625,0.133824625,Small Change (0-5%),No Change,0.5,0.37647058823864754
000:00:01.817000,19.8.csv,Audio File 19.mp3,0.31231744,-0.694782726,Blue,Audio File 19,135.9991776,0.0,135.9991776,0.0,0.019739913,0.0,1.817,0.0,0,,0.0,0,0,0.12928179,0.12928179,Small Change (0-5%),No Change,0.5,0.37647058823864754
000:00:01.852000,19.17.csv,Audio File 19.mp3,0.299496422,-0.816591572,Blue,Audio File 19,135.9991776,0.0,135.9991776,0.0,0.009785598,0.0,1.852,0.0,0,,0.0,0,0,-0.121808846,0.121808846,Small Change (0-5%),No Change,0.5,0.37647058823864754
000:00:01.867000,19.16.csv,Audio File 19.mp3,0.341789052,-0.80750091,Blue,Audio File 19,135.9991776,0.0,135.9991776,0.0,0.0,0.0,1.867,0.0,0,0,0.0,0,0,0.009090661,0.009090661,Small Change (0-5%),No Change,0.5,0.37647058823864754
000:00:01.871000,19.4.csv,Audio File 19.mp3,0.208988634,-0.776268308,Blue,Audio File 19,135.9991776,0.0,135.9991776,0.0,0.0,0.0,1.871,0.0,0,0,0.0,0,0,0.031232602,0.031232602,Small Change (0-5%),No Change,0.5,0.37647058823864754
000:00:01.897000,19.11.csv,Audio File 19.mp3,0.294972884,-0.80583702,Blue,Audio File 19,135.9991776,0.0,135.9991776,0.0,0.0,0.0,1.897,0.0,0,0,0.0,0,0,-0.029568712,0.029568712,Small Change (0-5%),No Change,0.5,0.37647058823864754
000:00:01.951000,19.1.csv,Audio File 19.mp3,0.335461852,-0.694968623,Blue,Audio File 19,135.9991776,0.0,135.9991776,0.0,0.0,0.0,1.951,0.0,0,0,0.0,0,0,0.110868397,0.110868397,Small Change (0-5%),No Change,0.5,0.37647058823864754
000:00:02.065000,19.14.csv,Audio File 19.mp3,0.28090309,-0.797093995,Blue,Audio File 19,135.9991776,0.0,135.9991776,0.0,0.0,0.0,2.065,0.0,0,0,0.0,0,0,-0.102125372,0.102125372,Small Change (0-5%),No Change,0.5,0.37647058823864754
000:00:02.102000,19.13.csv,Audio File 19.mp3,0.242378784,-0.790571303,Blue,Audio File 19,135.9991776,0.0,135.9991776,0.0,0.0,0.0,2.102,0.0,0,0,0.0,0,0,0.006522692,0.006522692,Small Change (0-5%),No Change,0.5,0.37647058823864754
000:00:02.848000,19.19.csv,Audio File 19.mp3,0.425324675,-0.704974271,Blue,Audio File 19,143.5546875,4.362175656,138.5176809,0.055555556,0.010497278,10.12802931,2.848,7.555509868,7.555509868,13.5764468,5.555555556,5.555555556,5.555555556,0.085597032,0.085597032,Moderate Change (5-15%),Increase in Tempo ‚Üí Increase in Arousal,0.5590364800838634,0.4292561469104981
000:00:02.878000,19.3.csv,Audio File 19.mp3,0.321208453,0.037200088,Green,Audio File 19,143.5546875,4.362175656,141.0361842,0.0,0.020807104,0.0,2.878,0.0,0,-337.6009771,0.0,0,0,0.742174359,0.742174359,Small Change (0-5%),No Change,0.5,0.37647058823864754
000:00:03.749000,19.19.csv,Audio File 19.mp3,0.596851262,-0.678020093,Blue,Audio File 19,161.4990234,10.36016718,149.5361328,0.125,0.043901115,20.60199304,3.749,17.94433594,17.94433594,23.65326411,12.5,12.5,12.5,-0.715220181,0.715220181,Moderate Change (5-15%),Increase in Tempo ‚Üí Decrease in Arousal,0.6402116402265234,0.4952380952408099
000:00:05.469000,19.20.csv,Audio File 19.mp3,0.426366087,-0.825042882,Blue,Audio File 19,147.65625,9.402520793,150.9033203,-0.085714286,0.054173251,-8.048124092,5.469,-13.84277344,13.84277344,-16.65704484,-8.571428571,8.571428571,8.571428571,-0.147022789,0.147022789,Moderate Change (5-15%),Decrease in Tempo ‚Üí Decrease in Arousal,0.39183673467793123,0.2950300120126654
000:00:05.634000,19.12.csv,Audio File 19.mp3,0.298533724,-0.813395894,Blue,Audio File 19,101.3327206,31.51051611,136.8293313,-0.31372549,0.120626976,-280.7486631,5.634,-46.32352941,46.32352941,-1652.730539,-31.37254902,31.37254902,31.37254902,0.011646987,0.011646987,Large Change (>15%),Decrease in Tempo ‚Üí Increase in Arousal,0.13804188344583024,0.07838743340596493
000:00:06.409000,19.5.csv,Audio File 19.mp3,0.3,-0.762774194,Blue,Audio File 19,101.3327206,26.74490218,116.7738971,0.0,0.173876803,0.0,6.409,0.0,0,362.2563395,0.0,0,0,0.050621701,0.050621701,Small Change (0-5%),No Change,0.5,0.37647058823864754
000:00:06.811000,19.2.csv,Audio File 19.mp3,0.277596415,-0.697238975,Blue,Audio File 19,161.4990234,34.73703115,121.3881549,0.59375,0.248495694,149.66742,6.811,60.16630285,60.16630285,372.307015,59.375,59.375,59.375,0.065535218,0.065535218,Large Change (>15%),Increase in Tempo ‚Üí Increase in Arousal,0.9701213818762386,0.9406162464989188
000:00:06.817000,19.20.csv,Audio File 19.mp3,0.622396471,-0.822592502,Blue,Audio File 19,161.4990234,34.73703115,141.4435892,0.0,0.25359524,0.0,6.817,0.0,0,-24944.57,0.0,0,0,-0.125353527,0.125353527,Small Change (0-5%),No Change,0.5,0.37647058823864754
000:00:07.267000,19.1.csv,Audio File 19.mp3,0.520422768,-0.527623032,Blue,Audio File 19,161.4990234,0.0,161.4990234,0.0,0.177251403,0.0,7.267,0.0,0,0,0.0,0,0,0.29496947,0.29496947,Small Change (0-5%),No Change,0.5,0.37647058823864754
000:00:07.690000,19.4.csv,Audio File 19.mp3,0.448273866,-0.691360645,Blue,Audio File 19,161.4990234,0.0,161.4990234,0.0,0.081863098,0.0,7.69,0.0,0,0,0.0,0,0,-0.163737613,0.163737613,Small Change (0-5%),No Change,0.5,0.37647058823864754
000:00:08.219000,19.18.csv,Audio File 19.mp3,0.434667373,-0.790087464,Blue,Audio File 19,161.4990234,0.0,161.4990234,0.0,0.0,0.0,8.219,0.0,0,0,0.0,0,0,-0.098726818,0.098726818,Small Change (0-5%),No Change,0.5,0.37647058823864754
000:00:08.319000,19.15.csv,Audio File 19.mp3,0.255186233,-0.747803352,Blue,Audio File 19,161.4990234,0.0,161.4990234,0.0,0.0,0.0,8.319,0.0,0,0,0.0,0,0,0.042284112,0.042284112,Small Change (0-5%),No Change,0.5,0.37647058823864754
000:00:08.916000,19.20.csv,Audio File 19.mp3,0.617495712,-0.687821612,Blue,Audio File 19,147.65625,7.99212897,156.8847656,-0.085714286,0.01698089,-23.18722519,8.916,-13.84277344,13.84277344,-38.83957318,-8.571428571,8.571428571,8.571428571,0.059981739,0.059981739,Moderate Change (5-15%),Decrease in Tempo ‚Üí Increase in Arousal,0.39183673467793123,0.2950300120126654
000:00:09.514000,19.5.csv,Audio File 19.mp3,0.541935484,-0.704709677,Blue,Audio File 19,161.4990234,7.99212897,156.8847656,0.09375,0.033961781,23.14845056,9.514,13.84277344,13.84277344,77.48440761,9.375,9.375,9.375,-0.016888065,0.016888065,Moderate Change (5-15%),Increase in Tempo ‚Üí Decrease in Arousal,0.6081632653220688,0.46554621849026934
000:00:09.669000,19.10.csv,Audio File 19.mp3,0.278009028,-0.741813742,Blue,Audio File 19,161.4990234,7.99212897,156.8847656,0.0,0.050942671,0.0,9.669,0.0,0,-149.3448424,0.0,0,0,-0.037104064,0.037104064,Small Change (0-5%),No Change,0.5,0.37647058823864754
000:00:16.603000,19.5.csv,Audio File 19.mp3,0.687096774,-0.695032258,Blue,Audio File 19,129.1992188,18.64830093,150.7324219,-0.2,0.075201085,-4.658177774,16.603,-32.29980469,32.29980469,-0.671787969,-20.0,20,20,0.046781484,0.046781484,Large Change (>15%),Decrease in Tempo ‚Üí Increase in Arousal,0.24761904760788517,0.18644257703518774
000:00:17.665000,19.10.csv,Audio File 19.mp3,0.418609169,-0.671513672,Blue,Audio File 19,129.1992188,18.64830093,139.9658203,0.0,0.102631754,0.0,17.665,0.0,0,4.386231426,0.0,0,0,0.023518587,0.023518587,Small Change (0-5%),No Change,0.5,0.37647058823864754
000:00:18.982000,19.12.csv,Audio File 19.mp3,0.441642229,-0.658557185,Blue,Audio File 19,161.4990234,18.64830093,139.9658203,0.25,0.130062423,24.5252883,18.982,32.29980469,32.29980469,18.62208679,25.0,25,25,0.012956487,0.012956487,Large Change (>15%),Increase in Tempo ‚Üí Increase in Arousal,0.7523809523921148,0.6140056022429723
000:00:19.101000,19.18.csv,Audio File 19.mp3,0.349854227,-0.411078717,Blue,Audio File 19,161.4990234,18.64830093,150.7324219,0.0,0.130062423,0.0,19.101,0.0,0,-206.0948596,0.0,0,0,0.247478468,0.247478468,Small Change (0-5%),No Change,0.5,0.37647058823864754
000:00:19.486000,19.10.csv,Audio File 19.mp3,0.537009287,-0.534613535,Blue,Audio File 19,161.4990234,0.0,161.4990234,0.0,0.085650864,0.0,19.486,0.0,0,0,0.0,0,0,-0.123534817,0.123534817,Small Change (0-5%),No Change,0.5,0.37647058823864754
000:00:20.051000,19.19.csv,Audio File 19.mp3,0.599301642,-0.489340848,Blue,Audio File 19,151.9990809,5.484794392,158.3323759,-0.058823529,0.05278631,-16.81405762,20.051,-9.499942555,9.499942555,-29.75939402,-5.882352941,5.882352941,5.882352941,0.045272687,0.045272687,Moderate Change (5-15%),Decrease in Tempo ‚Üí Increase in Arousal,0.4257703081268607,0.3205799967098949
000:00:20.148000,19.6.csv,Audio File 19.mp3,0.531200968,-0.582487382,Blue,Audio File 19,151.9990809,5.484794392,155.1657284,0.0,0.023329664,0.0,20.148,0.0,0,173.3408002,0.0,0,0,-0.093146534,0.093146534,Small Change (0-5%),No Change,0.5,0.37647058823864754
000:00:20.283000,19.11.csv,Audio File 19.mp3,0.466230198,-0.613172542,Blue,Audio File 19,151.9990809,0.0,151.9990809,0.0,0.023329664,0.0,20.283,0.0,0,0,0.0,0,0,-0.03068516,0.03068516,Small Change (0-5%),No Change,0.5,0.37647058823864754
000:00:20.465000,19.3.csv,Audio File 19.mp3,0.360829848,0.145058331,Green,Audio File 19,151.9990809,0.0,151.9990809,0.0,0.011782659,0.0,20.465,0.0,0,0,0.0,0,0,0.758230873,0.758230873,Small Change (0-5%),No Change,0.5,0.37647058823864754
000:00:21.598000,19.8.csv,Audio File 19.mp3,0.588684672,-0.546488114,Blue,Audio File 19,161.4990234,5.484794392,155.1657284,0.0625,0.011782659,8.384768363,21.598,9.499942555,9.499942555,7.400501644,6.25,6.25,6.25,-0.691546445,0.691546445,Moderate Change (5-15%),Increase in Tempo ‚Üí Decrease in Arousal,0.5742296918731393,0.4358543417397287
000:00:21.650000,19.11.csv,Audio File 19.mp3,0.441255173,-0.466890253,Blue,Audio File 19,161.4990234,5.484794392,158.3323759,0.0,0.023329664,0.0,21.65,0.0,0,-161.2455454,0.0,0,0,0.079597861,0.079597861,Small Change (0-5%),No Change,0.5,0.37647058823864754
000:00:21.947000,19.3.csv,Audio File 19.mp3,0.303598943,0.2287035,Green,Audio File 19,161.4990234,0.0,161.4990234,0.0,0.023329664,0.0,21.947,0.0,0,0,0.0,0,0,0.695593752,0.695593752,Small Change (0-5%),No Change,0.5,0.37647058823864754
000:00:22.253000,19.17.csv,Audio File 19.mp3,0.376358336,-0.55155049,Blue,Audio File 19,161.4990234,0.0,161.4990234,0.0,0.011547005,0.0,22.253,0.0,0,0,0.0,0,0,-0.78025399,0.78025399,Small Change (0-5%),No Change,0.5,0.37647058823864754
000:00:22.435000,19.4.csv,Audio File 19.mp3,0.614470967,-0.598734104,Blue,Audio File 19,161.4990234,0.0,161.4990234,0.0,0.0,0.0,22.435,0.0,0,0,0.0,0,0,-0.047183614,0.047183614,Small Change (0-5%),No Change,0.5,0.37647058823864754
000:00:30.652000,19.7.csv,Audio File 19.mp3,0.534618443,-0.582336031,Blue,Audio File 19,139.6748311,12.60020333,154.2242927,-0.135135135,0.027233503,-2.655980572,30.652,-21.82419236,21.82419236,-0.323229959,-13.51351351,13.51351351,13.51351351,0.016398073,0.016398073,Moderate Change (5-15%),Decrease in Tempo ‚Üí Increase in Arousal,0.3294723294500046,0.2480732834048283
000:00:31.468000,19.1.csv,Audio File 19.mp3,0.562259165,-0.402113839,Blue,Audio File 19,139.6748311,12.60020333,146.9495619,0.0,0.0558152,0.0,31.468,0.0,0,3.254878151,0.0,0,0,0.180222192,0.180222192,Small Change (0-5%),No Change,0.5,0.37647058823864754
000:00:34.215000,19.3.csv,Audio File 19.mp3,0.255172793,0.061413163,Green,Audio File 19,129.1992188,6.048097599,136.1829603,-0.075,0.070619053,-3.813473728,34.215,-10.47561233,10.47561233,-1.388232154,-7.5,7.5,7.5,0.463527002,0.463527002,Moderate Change (5-15%),Decrease in Tempo ‚Üí Increase in Arousal,0.41814671815788057,0.3052100840373501
000:00:34.378000,19.5.csv,Audio File 19.mp3,0.809677419,-0.627290323,Blue,Audio File 19,129.1992188,6.048097599,132.6910895,0.0,0.058578978,0.0,34.378,0.0,0,23.39554434,0.0,0,0,-0.688703486,0.688703486,Small Change (0-5%),No Change,0.5,0.37647058823864754
000:00:40.381000,19.6.csv,Audio File 19.mp3,0.638953477,-0.317832095,Blue,Audio File 19,161.4990234,18.64830093,139.9658203,0.25,0.07440884,5.380610476,40.381,32.29980469,32.29980469,0.896320253,25.0,25,25,0.309458227,0.309458227,Large Change (>15%),Increase in Tempo ‚Üí Increase in Arousal,0.7523809523921148,0.6140056022429723
000:00:47.118000,19.9.csv,Audio File 19.mp3,0.453250453,-0.617863618,Blue,Audio File 19,126.0480183,19.62133708,138.9154202,-0.219512195,0.106687202,-5.262135245,47.118,-35.45100514,35.45100514,-1.579745543,-21.95121951,21.95121951,21.95121951,-0.300031523,0.300031523,Large Change (>15%),Decrease in Tempo ‚Üí Decrease in Arousal,0.22299651572627027,0.16790325888985327
000:00:52.933000,19.1.csv,Audio File 19.mp3,0.667951117,-0.1577012,Blue,Audio File 19,166.7086694,22.12541043,151.4185704,0.322580645,0.140200725,6.992373355,52.933,40.66065106,40.66065106,2.107396148,32.25806452,32.25806452,32.25806452,0.460162418,0.460162418,Large Change (>15%),Increase in Tempo ‚Üí Increase in Arousal,0.8177100895159082,0.6829673805390719
000:00:54.555000,19.2.csv,Audio File 19.mp3,0.509987274,-0.520179273,Blue,Audio File 19,135.9991776,21.19507411,142.9186218,-0.184210526,0.145223065,-18.93310217,54.555,-30.70949172,30.70949172,-15.98364706,-18.42105263,18.42105263,18.42105263,-0.362478073,0.362478073,Large Change (>15%),Decrease in Tempo ‚Üí Decrease in Arousal,0.2600452745099443,0.20144478846098943
000:00:54.580000,19.3.csv,Audio File 19.mp3,0.332214396,0.263922518,Green,Audio File 19,135.9991776,17.73013331,146.2356749,0.0,0.138555368,0.0,54.58,0.0,0,757.3240869,0.0,0,0,0.784101791,0.784101791,Small Change (0-5%),No Change,0.5,0.37647058823864754
000:00:54.643000,19.5.csv,Audio File 19.mp3,0.84516129,-0.517612903,Blue,Audio File 19,135.9991776,0.0,135.9991776,0.0,0.089848418,0.0,54.643,0.0,0,0,0.0,0,0,-0.781535421,0.781535421,Small Change (0-5%),No Change,0.5,0.37647058823864754
000:00:54.671000,19.4.csv,Audio File 19.mp3,0.705167789,-0.450145694,Blue,Audio File 19,135.9991776,0.0,135.9991776,0.0,0.040414519,0.0,54.671,0.0,0,0,0.0,0,0,0.067467209,0.067467209,Small Change (0-5%),No Change,0.5,0.37647058823864754
000:00:55.179000,19.3.csv,Audio File 19.mp3,0.303598943,0.340964121,Green,Audio File 19,135.9991776,0.0,135.9991776,0.0,0.0,0.0,55.179,0.0,0,0,0.0,0,0,0.791109814,0.791109814,Small Change (0-5%),No Change,0.5,0.37647058823864754
000:00:55.817000,19.19.csv,Audio File 19.mp3,0.540492526,-0.227150208,Blue,Audio File 19,172.265625,20.93844315,148.0879934,0.266666667,0.047130634,56.84396139,55.817,36.26644737,36.26644737,89.09711817,26.66666667,26.66666667,26.66666667,-0.568114329,0.568114329,Large Change (>15%),Increase in Tempo ‚Üí Decrease in Arousal,0.7833751044306735,0.6298412698749319
000:00:56.082000,19.8.csv,Audio File 19.mp3,0.665078866,-0.283602211,Blue,Audio File 19,172.265625,20.93844315,160.1768092,0.0,0.090704239,0.0,56.082,0.0,0,-214.5055147,0.0,0,0,-0.056452003,0.056452003,Small Change (0-5%),No Change,0.5,0.37647058823864754
000:00:56.299000,19.15.csv,Audio File 19.mp3,0.23589859,-0.291329133,Blue,Audio File 19,172.265625,0.0,172.265625,0.0,0.090704239,0.0,56.299,0.0,0,0,0.0,0,0,-0.007726922,0.007726922,Small Change (0-5%),No Change,0.5,0.37647058823864754
000:00:56.547000,19.19.csv,Audio File 19.mp3,0.540492526,-0.089928939,Blue,Audio File 19,161.4990234,6.21610031,168.6767578,-0.0625,0.055857654,-43.41371598,56.547,-10.76660156,10.76660156,-175.0553064,-6.25,6.25,6.25,0.201400194,0.201400194,Moderate Change (5-15%),Decrease in Tempo ‚Üí Increase in Arousal,0.41587301589534076,0.3170868347375664
000:00:56.804000,19.2.csv,Audio File 19.mp3,0.498921042,-0.278935429,Blue,Audio File 19,161.4990234,6.21610031,165.0878906,0.0,0.024835141,0.0,56.804,0.0,0,168.9249649,0.0,0,0,-0.18900649,0.18900649,Small Change (0-5%),No Change,0.5,0.37647058823864754
000:00:57.215000,19.8.csv,Audio File 19.mp3,0.647103761,-0.016222532,Blue,Audio File 19,161.4990234,0.0,161.4990234,0.0,0.024835141,0.0,57.215,0.0,0,0,0.0,0,0,0.262712897,0.262712897,Small Change (0-5%),No Change,0.5,0.37647058823864754
000:00:57.240000,19.5.csv,Audio File 19.mp3,0.867741935,-0.143419355,Blue,Audio File 19,161.4990234,0.0,161.4990234,0.0,0.012551093,0.0,57.24,0.0,0,0,0.0,0,0,-0.127196823,0.127196823,Small Change (0-5%),No Change,0.5,0.37647058823864754
000:00:57.615000,19.15.csv,Audio File 19.mp3,0.268044662,-0.119883417,Blue,Audio File 19,147.65625,7.99212897,156.8847656,-0.085714286,0.01698089,-36.9140625,57.615,-13.84277344,13.84277344,-98.4375,-8.571428571,8.571428571,8.571428571,0.023535938,0.023535938,Moderate Change (5-15%),Decrease in Tempo ‚Üí Increase in Arousal,0.39183673467793123,0.2950300120126654
000:00:57.653000,19.19.csv,Audio File 19.mp3,0.533141387,-0.006616025,Blue,Audio File 19,147.65625,7.99212897,152.2705078,0.0,0.034476353,0.0,57.653,0.0,0,971.4226974,0.0,0,0,0.113267391,0.113267391,Small Change (0-5%),No Change,0.5,0.37647058823864754
000:00:57.737000,19.13.csv,Audio File 19.mp3,0.416518054,-0.593353335,Blue,Audio File 19,147.65625,0.0,147.65625,0.0,0.034476353,0.0,57.737,0.0,0,0,0.0,0,0,-0.586737309,0.586737309,Small Change (0-5%),No Change,0.5,0.37647058823864754
000:00:57.951000,19.20.csv,Audio File 19.mp3,0.448419505,-0.523646165,Blue,Audio File 19,147.65625,0.0,147.65625,0.0,0.017495463,0.0,57.951,0.0,0,0,0.0,0,0,0.06970717,0.06970717,Small Change (0-5%),No Change,0.5,0.37647058823864754
000:00:58.149000,19.15.csv,Audio File 19.mp3,0.338766019,0.085851442,Green,Audio File 19,147.65625,0.0,147.65625,0.0,0.0,0.0,58.149,0.0,0,0,0.0,0,0,0.609497607,0.609497607,Small Change (0-5%),No Change,0.5,0.37647058823864754
000:00:58.781000,19.20.csv,Audio File 19.mp3,0.450869885,-0.246753247,Blue,Audio File 19,172.265625,14.20822928,155.859375,0.166666667,0.030386856,38.93888449,58.781,24.609375,24.609375,61.61215901,16.66666667,16.66666667,16.66666667,-0.332604689,0.332604689,Large Change (>15%),Increase in Tempo ‚Üí Decrease in Arousal,0.692290249426728,0.534827264273202
000:00:59.168000,19.16.csv,Audio File 19.mp3,0.332079136,-0.448234009,Blue,Audio File 19,172.265625,14.20822928,164.0625,0.0,0.05925437,0.0,59.168,0.0,0,-100.6172726,0.0,0,0,-0.201480762,0.201480762,Small Change (0-5%),No Change,0.5,0.37647058823864754
000:01:01.132000,19.20.csv,Audio File 19.mp3,0.443518745,-0.048272482,Blue,Audio File 19,161.4990234,6.21610031,168.6767578,-0.0625,0.071538418,-5.481976356,61.132,-10.76660156,10.76660156,-2.791230324,-6.25,6.25,6.25,0.399961527,0.399961527,Moderate Change (5-15%),Decrease in Tempo ‚Üí Increase in Arousal,0.41587301589534076,0.3170868347375664
000:01:01.402000,19.13.csv,Audio File 19.mp3,0.401831609,-0.255565113,Blue,Audio File 19,161.4990234,6.21610031,165.0878906,0.0,0.053702655,0.0,61.402,0.0,0,20.30361613,0.0,0,0,-0.207292631,0.207292631,Small Change (0-5%),No Change,0.5,0.37647058823864754
000:01:01.548000,19.20.csv,Audio File 19.mp3,0.443518745,0.074246508,Green,Audio File 19,172.265625,6.21610031,165.0878906,0.066666667,0.037386234,73.74384632,61.548,10.76660156,10.76660156,505.0948378,6.666666667,6.666666667,6.666666667,0.329811622,0.329811622,Moderate Change (5-15%),Increase in Tempo ‚Üí Increase in Arousal,0.5841269841046592,0.43981325864296794
000:01:01.715000,19.14.csv,Audio File 19.mp3,0.38377052,-0.475633278,Blue,Audio File 19,172.265625,6.21610031,168.6767578,0.0,0.037386234,0.0,61.715,0.0,0,-441.5799181,0.0,0,0,-0.549879786,0.549879786,Small Change (0-5%),No Change,0.5,0.37647058823864754
000:01:02.105000,19.5.csv,Audio File 19.mp3,0.883870968,0.082387097,Green,Audio File 19,172.265625,0.0,172.265625,0.0,0.024835141,0.0,62.105,0.0,0,0,0.0,0,0,0.558020374,0.558020374,Small Change (0-5%),No Change,0.5,0.37647058823864754
000:01:03.746000,19.6.csv,Audio File 19.mp3,0.727802038,-0.168490898,Blue,Audio File 19,161.4990234,6.21610031,168.6767578,-0.0625,0.024568097,-6.561000343,63.746,-10.76660156,10.76660156,-3.998172055,-6.25,6.25,6.25,-0.250877995,0.250877995,Moderate Change (5-15%),Decrease in Tempo ‚Üí Decrease in Arousal,0.41587301589534076,0.3170868347375664
000:01:04.289000,19.2.csv,Audio File 19.mp3,0.514413766,0.019852819,Green,Audio File 19,161.4990234,6.21610031,165.0878906,0.0,0.024835141,0.0,64.289,0.0,0,12.08287356,0.0,0,0,0.188343717,0.188343717,Small Change (0-5%),No Change,0.5,0.37647058823864754
000:01:05.950000,19.7.csv,Audio File 19.mp3,0.656945096,-0.372341944,Blue,Audio File 19,161.4990234,0.0,161.4990234,0.0,0.024835141,0.0,65.95,0.0,0,0,0.0,0,0,-0.392194763,0.392194763,Small Change (0-5%),No Change,0.5,0.37647058823864754
000:01:07.001000,19.12.csv,Audio File 19.mp3,0.527786344,-0.398963794,Blue,Audio File 19,161.4990234,0.0,161.4990234,0.0,0.012551093,0.0,67.001,0.0,0,0,0.0,0,0,-0.026621851,0.026621851,Small Change (0-5%),No Change,0.5,0.37647058823864754
000:01:07.566000,19.7.csv,Audio File 19.mp3,0.663061428,0.049685009,Green,Audio File 19,120.1853198,23.85247794,147.7277889,-0.255813953,0.053820788,-73.12159942,67.566,-41.31370367,41.31370367,-129.41876,-25.58139535,25.58139535,25.58139535,0.448648803,0.448648803,Large Change (>15%),Decrease in Tempo ‚Üí Increase in Arousal,0.1771871539425024,0.13341150413015082
000:01:11.873000,19.4.csv,Audio File 19.mp3,0.820950966,-0.324713919,Blue,Audio File 19,161.4990234,23.85247794,147.7277889,0.34375,0.107641576,9.592222816,71.873,41.31370367,41.31370367,19.20450946,34.375,34.375,34.375,-0.374398928,0.374398928,Large Change (>15%),Increase in Tempo ‚Üí Decrease in Arousal,0.8228128460574976,0.7030812324945941
000:01:15.085000,19.14.csv,Audio File 19.mp3,0.385913591,-0.107024988,Blue,Audio File 19,120.1853198,23.85247794,133.9565543,-0.255813953,0.166995342,-12.86229878,75.085,-41.31370367,41.31370367,-6.990822414,-25.58139535,25.58139535,25.58139535,0.217688931,0.217688931,Large Change (>15%),Decrease in Tempo ‚Üí Increase in Arousal,0.1771871539425024,0.13341150413015082
000:01:15.373000,19.5.csv,Audio File 19.mp3,0.919354839,0.18883871,Green,Audio File 19,120.1853198,23.85247794,133.9565543,0.0,0.17252832,0.0,75.373,0.0,0,44.66075964,0.0,0,0,0.295863698,0.295863698,Small Change (0-5%),No Change,0.5,0.37647058823864754
000:01:17.846000,19.6.csv,Audio File 19.mp3,0.763719541,0.026219777,Green,Audio File 19,161.4990234,23.85247794,133.9565543,0.34375,0.178061298,16.70590524,77.846,41.31370367,41.31370367,6.755319549,34.375,34.375,34.375,-0.162618932,0.162618932,Large Change (>15%),Increase in Tempo ‚Üí Decrease in Arousal,0.8228128460574976,0.7030812324945941
000:01:18.001000,19.11.csv,Audio File 19.mp3,0.491205223,-0.115455973,Blue,Audio File 19,161.4990234,23.85247794,147.7277889,0.0,0.17252832,0.0,78.001,0.0,0,-107.7800338,0.0,0,0,-0.14167575,0.14167575,Small Change (0-5%),No Change,0.5,0.37647058823864754
000:01:18.702000,19.10.csv,Audio File 19.mp3,0.494459244,-0.218263218,Blue,Audio File 19,147.65625,7.99212897,156.8847656,-0.085714286,0.130155444,-19.74718037,78.702,-13.84277344,13.84277344,-28.17001479,-8.571428571,8.571428571,8.571428571,-0.102807246,0.102807246,Moderate Change (5-15%),Decrease in Tempo ‚Üí Decrease in Arousal,0.39183673467793123,0.2950300120126654
000:01:18.766000,19.12.csv,Audio File 19.mp3,0.549990748,-0.06343058,Blue,Audio File 19,147.65625,7.99212897,152.2705078,0.0,0.088297141,0.0,78.766,0.0,0,308.5496932,0.0,0,0,0.154832638,0.154832638,Small Change (0-5%),No Change,0.5,0.37647058823864754
000:01:18.839000,19.2.csv,Audio File 19.mp3,0.552038953,0.24560394,Green,Audio File 19,147.65625,0.0,147.65625,0.0,0.034476353,0.0,78.839,0.0,0,0,0.0,0,0,0.30903452,0.30903452,Small Change (0-5%),No Change,0.5,0.37647058823864754
000:01:19.182000,19.11.csv,Audio File 19.mp3,0.512612388,0.061153133,Green,Audio File 19,147.65625,0.0,147.65625,0.0,0.017495463,0.0,79.182,0.0,0,0,0.0,0,0,-0.184450807,0.184450807,Small Change (0-5%),No Change,0.5,0.37647058823864754
000:01:19.789000,19.10.csv,Audio File 19.mp3,0.511109261,3.7e-05,Green,Audio File 19,166.7086694,10.99991944,154.0070565,0.129032258,0.023808259,31.38784078,79.789,19.05241935,19.05241935,51.70978712,12.90322581,12.90322581,12.90322581,-0.061116133,0.061116133,Moderate Change (5-15%),Increase in Tempo ‚Üí Decrease in Arousal,0.6488698704861102,0.4990693051778201
000:01:21.354000,19.4.csv,Audio File 19.mp3,0.85182648,-0.139460836,Blue,Audio File 19,161.4990234,9.846805491,158.6213143,-0.03125,0.044500739,-3.328847232,81.354,-5.209645917,5.209645917,-22.18318723,-3.125,3.125,3.125,-0.139497836,0.139497836,Small Change (0-5%),Decrease in Tempo ‚Üí Decrease in Arousal,0.45929339478126263,0.34677871148810696
000:01:24.166000,19.9.csv,Audio File 19.mp3,0.536500537,-0.46986347,Blue,Audio File 19,161.4990234,3.007790473,163.2355721,0.0,0.050642763,0.0,84.166,0.0,0,1.18380058,0.0,0,0,-0.330402634,0.330402634,Small Change (0-5%),No Change,0.5,0.37647058823864754
000:01:24.301000,19.15.csv,Audio File 19.mp3,0.283046162,0.347306159,Green,Audio File 19,161.4990234,0.0,161.4990234,0.0,0.026834505,0.0,84.301,0.0,0,0,0.0,0,0,0.817169629,0.817169629,Small Change (0-5%),No Change,0.5,0.37647058823864754
000:01:25.657000,19.5.csv,Audio File 19.mp3,0.922580645,0.353354839,Green,Audio File 19,172.265625,6.21610031,165.0878906,0.066666667,0.018693117,7.939971654,85.657,10.76660156,10.76660156,5.855436323,6.666666667,6.666666667,6.666666667,0.00604868,0.00604868,Moderate Change (5-15%),Increase in Tempo ‚Üí Increase in Arousal,0.5841269841046592,0.43981325864296794
000:01:27.206000,19.13.csv,Audio File 19.mp3,0.382949038,0.128380505,Green,Audio File 19,161.4990234,6.21610031,165.0878906,-0.0625,0.025102186,-6.950678865,87.206,-10.76660156,10.76660156,-9.613073285,-6.25,6.25,6.25,-0.224974334,0.224974334,Moderate Change (5-15%),Decrease in Tempo ‚Üí Decrease in Arousal,0.41587301589534076,0.3170868347375664
000:01:33.600000,19.1.csv,Audio File 19.mp3,0.703181768,0.12194209,Green,Audio File 19,151.9990809,10.1398671,161.9212431,-0.058823529,0.045976258,-1.485758923,93.6,-9.499942555,9.499942555,0.854695018,-5.882352941,5.882352941,5.882352941,-0.006438415,0.006438415,Moderate Change (5-15%),Decrease in Tempo ‚Üí Decrease in Arousal,0.4257703081268607,0.3205799967098949
000:01:35.120000,19.16.csv,Audio File 19.mp3,0.332079136,-0.125379294,Blue,Audio File 19,166.7086694,7.458343339,160.0689246,0.096774194,0.04895669,9.677360837,95.12,14.70958847,14.70958847,7.344157737,9.677419355,9.677419355,9.677419355,-0.247321383,0.247321383,Moderate Change (5-15%),Increase in Tempo ‚Üí Decrease in Arousal,0.6149362970762493,0.46841962591927344
000:01:38.388000,19.4.csv,Audio File 19.mp3,0.957961058,0.030354489,Green,Audio File 19,129.1992188,18.89957932,149.302323,-0.225,0.07860092,-11.47780006,98.388,-37.5094506,37.5094506,-6.473427448,-22.5,22.5,22.5,0.155733783,0.155733783,Large Change (>15%),Decrease in Tempo ‚Üí Increase in Arousal,0.2069124424438437,0.16268907563475526
000:01:41.633000,19.8.csv,Audio File 19.mp3,0.698782187,0.181503617,Green,Audio File 19,132.5120192,20.76593529,142.8066358,0.025641026,0.106197834,1.020893831,101.633,3.312800481,3.312800481,3.851677625,2.564102564,2.564102564,2.564102564,0.151149128,0.151149128,Small Change (0-5%),Increase in Tempo ‚Üí Increase in Arousal,0.5258852258861704,0.40083315377657813
000:01:41.914000,19.11.csv,Audio File 19.mp3,0.550074925,0.005851292,Green,Audio File 19,132.5120192,1.912646249,131.4077524,0.0,0.095517992,0.0,101.914,0.0,0,-3.633074131,0.0,0,0,-0.175652326,0.175652326,Small Change (0-5%),No Change,0.5,0.37647058823864754
000:01:42.448000,19.11.csv,Audio File 19.mp3,0.546507064,-0.083345226,Blue,Audio File 19,132.5120192,0.0,132.5120192,0.0,0.053322669,0.0,102.448,0.0,0,0,0.0,0,0,-0.089196518,0.089196518,Small Change (0-5%),No Change,0.5,0.37647058823864754
000:01:44.254000,19.2.csv,Audio File 19.mp3,0.567531677,0.329707298,Green,Audio File 19,151.9990809,11.25086029,139.0077064,0.147058824,0.031830667,10.7901781,104.254,19.48706165,19.48706165,5.974627963,14.70588235,14.70588235,14.70588235,0.413052524,0.413052524,Moderate Change (5-15%),Increase in Tempo ‚Üí Increase in Arousal,0.6522660346015503,0.5161970670367756
000:01:44.264000,19.5.csv,Audio File 19.mp3,0.935483871,0.272709677,Green,Audio File 19,151.9990809,11.25086029,145.5033937,0.0,0.05275355,0.0,104.264,0.0,0,-1079.01781,0.0,0,0,-0.056997621,0.056997621,Small Change (0-5%),No Change,0.5,0.37647058823864754
000:01:45.027000,19.3.csv,Audio File 19.mp3,0.327812018,0.426810478,Green,Audio File 19,172.265625,11.7008947,158.7545956,0.133333333,0.077321647,26.56165677,105.027,20.26654412,20.26654412,34.81213207,13.33333333,13.33333333,13.33333333,0.1541008,0.1541008,Moderate Change (5-15%),Increase in Tempo ‚Üí Increase in Arousal,0.6583566760168671,0.5031559290092827
000:01:47.396000,19.19.csv,Audio File 19.mp3,0.513538348,0.17471208,Green,Audio File 19,120.1853198,26.25263923,148.1500085,-0.302325581,0.109410359,-21.98408832,107.396,-52.08030523,52.08030523,-20.4920832,-30.23255814,30.23255814,30.23255814,-0.252098397,0.252098397,Large Change (>15%),Decrease in Tempo ‚Üí Decrease in Arousal,0.09306016983784315,0.0892189433917891
000:01:48.198000,19.11.csv,Audio File 19.mp3,0.546507064,-0.290281147,Blue,Audio File 19,132.5120192,27.21719703,141.6543213,0.102564103,0.147681838,15.36994946,108.198,12.32669946,12.32669946,46.57610695,10.25641026,10.25641026,10.25641026,-0.464993228,0.464993228,Moderate Change (5-15%),Increase in Tempo ‚Üí Decrease in Arousal,0.5963171195437394,0.4739208504283755
000:01:48.731000,19.11.csv,Audio File 19.mp3,0.514396318,-0.516840303,Blue,Audio File 19,156.6051136,18.52397592,136.4341509,0.181818182,0.168371168,45.20280376,108.731,24.09309441,24.09309441,55.97158407,18.18181818,18.18181818,18.18181818,-0.226559155,0.226559155,Large Change (>15%),Increase in Tempo ‚Üí Decrease in Arousal,0.6882561882843675,0.549223325679063
000:01:49.087000,19.3.csv,Audio File 19.mp3,0.391646489,0.321153423,Green,Audio File 19,156.6051136,13.91015454,148.5740822,0.0,0.140511595,0.0,109.087,0.0,0,-126.9741679,0.0,0,0,0.837993725,0.837993725,Small Change (0-5%),No Change,0.5,0.37647058823864754
000:01:49.448000,19.11.csv,Audio File 19.mp3,0.521532039,-0.598901099,Blue,Audio File 19,156.6051136,0.0,156.6051136,0.0,0.07646555,0.0,109.448,0.0,0,0,0.0,0,0,-0.920054522,0.920054522,Small Change (0-5%),No Change,0.5,0.37647058823864754
000:01:49.485000,19.14.csv,Audio File 19.mp3,0.430918092,-0.33204749,Blue,Audio File 19,156.6051136,0.0,156.6051136,0.0,0.031208123,0.0,109.485,0.0,0,0,0.0,0,0,0.266853608,0.266853608,Small Change (0-5%),No Change,0.5,0.37647058823864754
000:01:49.654000,19.3.csv,Audio File 19.mp3,0.391646489,0.202289236,Green,Audio File 19,139.6748311,9.774703191,150.9616861,-0.108108108,0.021583188,-100.1791867,109.654,-16.93028256,16.93028256,-592.7762528,-10.81081081,10.81081081,10.81081081,0.534336727,0.534336727,Moderate Change (5-15%),Decrease in Tempo ‚Üí Increase in Arousal,0.36771186767939523,0.27375274435258934
000:01:49.671000,19.2.csv,Audio File 19.mp3,0.693686715,0.179206551,Green,Audio File 19,139.6748311,9.774703191,145.3182586,0.0,0.044004557,0.0,109.671,0.0,0,5892.893336,0.0,0,0,-0.023082685,0.023082685,Small Change (0-5%),No Change,0.5,0.37647058823864754
000:01:50.180000,19.5.csv,Audio File 19.mp3,0.932258065,-0.278903226,Blue,Audio File 19,139.6748311,0.0,139.6748311,0.0,0.044004557,0.0,110.18,0.0,0,0,0.0,0,0,-0.458109777,0.458109777,Small Change (0-5%),No Change,0.5,0.37647058823864754
000:01:50.203000,19.3.csv,Audio File 19.mp3,0.387244112,0.090028615,Green,Audio File 19,139.6748311,0.0,139.6748311,0.0,0.02242137,0.0,110.203,0.0,0,0,0.0,0,0,0.368931841,0.368931841,Small Change (0-5%),No Change,0.5,0.37647058823864754
000:01:50.208000,19.18.csv,Audio File 19.mp3,0.376358336,-0.540948847,Blue,Audio File 19,139.6748311,0.0,139.6748311,0.0,0.0,0.0,110.208,0.0,0,0,0.0,0,0,-0.630977463,0.630977463,Small Change (0-5%),No Change,0.5,0.37647058823864754
000:01:50.468000,19.13.csv,Audio File 19.mp3,0.439973849,-0.135499313,Blue,Audio File 19,139.6748311,0.0,139.6748311,0.0,0.0,0.0,110.468,0.0,0,0,0.0,0,0,0.405449534,0.405449534,Small Change (0-5%),No Change,0.5,0.37647058823864754
000:01:50.837000,19.2.csv,Audio File 19.mp3,0.695899961,0.084036961,Green,Audio File 19,161.4990234,12.60020333,146.9495619,0.15625,0.028581696,59.14415273,110.837,21.82419236,21.82419236,160.2822567,15.625,15.625,15.625,0.219536274,0.219536274,Large Change (>15%),Increase in Tempo ‚Üí Increase in Arousal,0.6705276705499954,0.5249299719913505
000:01:50.890000,19.18.csv,Audio File 19.mp3,0.35780546,-0.572753777,Blue,Audio File 19,161.4990234,12.60020333,154.2242927,0.0,0.0558152,0.0,110.89,0.0,0,-1115.92741,0.0,0,0,-0.656790738,0.656790738,Small Change (0-5%),No Change,0.5,0.37647058823864754
000:01:50.972000,19.4.csv,Audio File 19.mp3,0.386764053,-0.756971112,Blue,Audio File 19,161.4990234,0.0,161.4990234,0.0,0.0558152,0.0,110.972,0.0,0,0,0.0,0,0,-0.184217335,0.184217335,Small Change (0-5%),No Change,0.5,0.37647058823864754
000:01:51.102000,19.13.csv,Audio File 19.mp3,0.437757635,-0.233012721,Blue,Audio File 19,161.4990234,0.0,161.4990234,0.0,0.027233503,0.0,111.102,0.0,0,0,0.0,0,0,0.523958391,0.523958391,Small Change (0-5%),No Change,0.5,0.37647058823864754
000:01:51.124000,19.18.csv,Audio File 19.mp3,0.371057514,-0.601908296,Blue,Audio File 19,161.4990234,0.0,161.4990234,0.0,0.0,0.0,111.124,0.0,0,0,0.0,0,0,-0.368895575,0.368895575,Small Change (0-5%),No Change,0.5,0.37647058823864754
000:01:51.301000,19.17.csv,Audio File 19.mp3,0.453220249,-0.737079247,Blue,Audio File 19,161.4990234,0.0,161.4990234,0.0,0.0,0.0,111.301,0.0,0,0,0.0,0,0,-0.135170951,0.135170951,Small Change (0-5%),No Change,0.5,0.37647058823864754
000:01:51.464000,19.18.csv,Audio File 19.mp3,0.371057514,-0.702623907,Blue,Audio File 19,161.4990234,0.0,161.4990234,0.0,0.0,0.0,111.464,0.0,0,0,0.0,0,0,0.034455341,0.034455341,Small Change (0-5%),No Change,0.5,0.37647058823864754
000:01:51.831000,19.17.csv,Audio File 19.mp3,0.453220249,-0.805989928,Blue,Audio File 19,143.5546875,10.36016718,155.5175781,-0.111111111,0.02220578,-48.89464833,111.831,-17.94433594,17.94433594,-133.2279246,-11.11111111,11.11111111,11.11111111,-0.103366022,0.103366022,Moderate Change (5-15%),Decrease in Tempo ‚Üí Decrease in Arousal,0.35978835977347656,0.2708994709139492
000:01:55.130000,19.20.csv,Audio File 19.mp3,0.520889488,-0.445234011,Blue,Audio File 19,147.65625,9.402520793,150.9033203,0.028571429,0.042975194,1.243274477,115.13,4.1015625,4.1015625,15.19791537,2.857142857,2.857142857,2.857142857,0.360755917,0.360755917,Small Change (0-5%),Increase in Tempo ‚Üí Increase in Arousal,0.5320483749044547,0.4036174469806416
000:01:55.610000,19.19.csv,Audio File 19.mp3,0.542942906,-0.121783877,Blue,Audio File 19,126.0480183,11.4762215,139.0863186,-0.146341463,0.070479029,-45.01714939,115.61,-21.60823171,21.60823171,-96.37588306,-14.63414634,14.63414634,14.63414634,0.323450135,0.323450135,Moderate Change (5-15%),Decrease in Tempo ‚Üí Increase in Arousal,0.33115978097020204,0.23742570200611804
000:01:55.831000,19.20.csv,Audio File 19.mp3,0.579698603,-0.479539329,Blue,Audio File 19,126.0480183,12.47551839,133.2507622,0.0,0.079481372,0.0,115.831,0.0,0,203.6975086,0.0,0,0,-0.357755452,0.357755452,Small Change (0-5%),No Change,0.5,0.37647058823864754
000:01:59.371000,19.12.csv,Audio File 19.mp3,0.619071116,0.16354777,Green,Audio File 19,143.5546875,10.10748018,131.8835747,0.138888889,0.08425843,4.945386782,119.371,17.50666921,17.50666921,1.397001916,13.88888889,13.88888889,13.88888889,0.643087099,0.643087099,Moderate Change (5-15%),Increase in Tempo ‚Üí Increase in Arousal,0.6367918441253433,0.5084344849182739
000:02:00.193000,19.15.csv,Audio File 19.mp3,0.253043161,0.516608804,Green,Audio File 19,135.9991776,8.780610915,135.2006278,-0.052631579,0.078402943,-9.191617845,120.193,-7.555509868,7.555509868,-17.19830247,-5.263157895,5.263157895,5.263157895,0.353061033,0.353061033,Moderate Change (5-15%),Decrease in Tempo ‚Üí Increase in Arousal,0.44096351991613664,0.3264632168668157
000:02:00.717000,19.9.csv,Audio File 19.mp3,0.623450623,-0.357013357,Blue,Audio File 19,156.6051136,10.42436209,145.3863263,0.151515152,0.071095193,39.32430535,120.717,20.605936,20.605936,92.58763969,15.15151515,15.15151515,15.15151515,-0.873622161,0.873622161,Large Change (>15%),Increase in Tempo ‚Üí Decrease in Arousal,0.6610085820184867,0.520431202772327
000:02:01.803000,19.15.csv,Audio File 19.mp3,0.257329304,0.441601303,Green,Audio File 19,139.6748311,10.99052239,144.0930408,-0.108108108,0.070973318,-15.58957878,121.803,-16.93028256,16.93028256,-50.56527084,-10.81081081,10.81081081,10.81081081,0.79861466,0.79861466,Moderate Change (5-15%),Decrease in Tempo ‚Üí Increase in Arousal,0.36771186767939523,0.27375274435258934
000:02:02.004000,19.15.csv,Audio File 19.mp3,0.259472376,0.484462732,Green,Audio File 19,139.6748311,9.774703191,145.3182586,0.0,0.071746339,0.0,122.004,0.0,0,77.56009343,0.0,0,0,0.042861429,0.042861429,Small Change (0-5%),No Change,0.5,0.37647058823864754
000:02:09.316000,19.8.csv,Audio File 19.mp3,0.736979284,0.372489103,Green,Audio File 19,139.6748311,0.0,139.6748311,0.0,0.047845966,0.0,129.316,0.0,0,0,0.0,0,0,-0.111973629,0.111973629,Small Change (0-5%),No Change,0.5,0.37647058823864754
000:02:11.088000,19.2.csv,Audio File 19.mp3,0.483428318,0.497914015,Green,Audio File 19,161.4990234,12.60020333,146.9495619,0.15625,0.051003066,12.31613564,131.088,21.82419236,21.82419236,6.950415147,15.625,15.625,15.625,0.125424913,0.125424913,Large Change (>15%),Increase in Tempo ‚Üí Increase in Arousal,0.6705276705499954,0.5249299719913505
000:02:11.306000,19.5.csv,Audio File 19.mp3,0.861290323,-0.259548387,Blue,Audio File 19,161.4990234,12.60020333,154.2242927,0.0,0.0558152,0.0,131.306,0.0,0,-56.49603505,0.0,0,0,-0.757462402,0.757462402,Small Change (0-5%),No Change,0.5,0.37647058823864754
000:02:11.356000,19.4.csv,Audio File 19.mp3,0.861475078,0.215607572,Green,Audio File 19,161.4990234,0.0,161.4990234,0.0,0.0558152,0.0,131.356,0.0,0,0,0.0,0,0,0.475155959,0.475155959,Small Change (0-5%),No Change,0.5,0.37647058823864754
000:02:12.606000,19.3.csv,Audio File 19.mp3,0.312403698,0.250715386,Green,Audio File 19,172.265625,6.21610031,165.0878906,0.066666667,0.039784596,8.61328125,132.606,10.76660156,10.76660156,6.890625,6.666666667,6.666666667,6.666666667,0.035107814,0.035107814,Moderate Change (5-15%),Increase in Tempo ‚Üí Increase in Arousal,0.5841269841046592,0.43981325864296794
000:02:12.791000,19.1.csv,Audio File 19.mp3,0.806671804,0.306903006,Green,Audio File 19,172.265625,6.21610031,168.6767578,0.0,0.024835141,0.0,132.791,0.0,0,-46.55827703,0.0,0,0,0.056187619,0.056187619,Small Change (0-5%),No Change,0.5,0.37647058823864754
000:02:13.035000,19.14.csv,Audio File 19.mp3,0.418059663,0.117997514,Green,Audio File 19,172.265625,0.0,172.265625,0.0,0.024835141,0.0,133.035,0.0,0,0,0.0,0,0,-0.188905492,0.188905492,Small Change (0-5%),No Change,0.5,0.37647058823864754
000:02:13.235000,19.17.csv,Audio File 19.mp3,0.384309568,-0.437582825,Blue,Audio File 19,172.265625,0.0,172.265625,0.0,0.012284048,0.0,133.235,0.0,0,0,0.0,0,0,-0.555580339,0.555580339,Small Change (0-5%),No Change,0.5,0.37647058823864754
000:02:13.498000,19.9.csv,Audio File 19.mp3,0.575350575,-0.035113035,Blue,Audio File 19,172.265625,0.0,172.265625,0.0,0.0,0.0,133.498,0.0,0,0,0.0,0,0,0.40246979,0.40246979,Small Change (0-5%),No Change,0.5,0.37647058823864754
000:02:13.523000,19.5.csv,Audio File 19.mp3,0.970967742,0.034,Green,Audio File 19,117.4538352,31.64560158,153.9950284,-0.318181818,0.068499184,-2192.471591,133.523,-54.81178977,54.81178977,-87698.86364,-31.81818182,31.81818182,31.81818182,0.069113035,0.069113035,Large Change (>15%),Decrease in Tempo ‚Üí Increase in Arousal,0.07171717175268855,0.07415329767041351
000:02:13.673000,19.3.csv,Audio File 19.mp3,0.310202509,0.369579573,Green,Audio File 19,117.4538352,31.64560158,135.7244318,0.0,0.146219413,0.0,133.673,0.0,0,14616.47727,0.0,0,0,0.335579573,0.335579573,Small Change (0-5%),No Change,0.5,0.37647058823864754
000:02:13.748000,19.14.csv,Audio File 19.mp3,0.334479877,0.287300159,Green,Audio File 19,117.4538352,0.0,117.4538352,0.0,0.146219413,0.0,133.748,0.0,0,0,0.0,0,0,-0.082279414,0.082279414,Small Change (0-5%),No Change,0.5,0.37647058823864754
000:02:13.934000,19.17.csv,Audio File 19.mp3,0.320699708,-0.122183939,Blue,Audio File 19,117.4538352,0.0,117.4538352,0.0,0.077720229,0.0,133.934,0.0,0,0,0.0,0,0,-0.409484097,0.409484097,Small Change (0-5%),No Change,0.5,0.37647058823864754
000:02:14.349000,19.9.csv,Audio File 19.mp3,0.555000555,0.07958708,Green,Audio File 19,117.4538352,0.0,117.4538352,0.0,0.0,0.0,134.349,0.0,0,0,0.0,0,0,0.201771018,0.201771018,Small Change (0-5%),No Change,0.5,0.37647058823864754
000:02:14.418000,19.16.csv,Audio File 19.mp3,0.363636364,0.165918194,Green,Audio File 19,117.4538352,0.0,117.4538352,0.0,0.0,0.0,134.418,0.0,0,0,0.0,0,0,0.086331114,0.086331114,Small Change (0-5%),No Change,0.5,0.37647058823864754
000:02:14.785000,19.4.csv,Audio File 19.mp3,0.846037321,0.400860655,Green,Audio File 19,147.65625,17.4373723,127.5213068,0.257142857,0.045580284,82.2954081,134.785,30.20241477,30.20241477,224.2381692,25.71428571,25.71428571,25.71428571,0.234942461,0.234942461,Large Change (>15%),Increase in Tempo ‚Üí Increase in Arousal,0.7359925788205834,0.6207923168880898
000:02:14.822000,19.5.csv,Audio File 19.mp3,0.974193548,0.472709677,Green,Audio File 19,147.65625,17.4373723,137.5887784,0.0,0.087825426,0.0,134.822,0.0,0,-2224.200219,0.0,0,0,0.071849022,0.071849022,Small Change (0-5%),No Change,0.5,0.37647058823864754
000:02:15.016000,19.17.csv,Audio File 19.mp3,0.299496422,0.073946462,Green,Audio File 19,147.65625,0.0,147.65625,0.0,0.087825426,0.0,135.016,0.0,0,0,0.0,0,0,-0.398763216,0.398763216,Small Change (0-5%),No Change,0.5,0.37647058823864754
000:02:17.739000,19.5.csv,Audio File 19.mp3,0.925806452,0.604967742,Green,Audio File 19,135.9991776,6.73021387,143.7705592,-0.078947368,0.057849203,-4.280966716,137.739,-11.65707237,11.65707237,-1.572150832,-7.894736842,7.894736842,7.894736842,0.53102128,0.53102128,Moderate Change (5-15%),Decrease in Tempo ‚Üí Increase in Arousal,0.4089151449960546,0.3014595311856504
000:02:22.403000,19.13.csv,Audio File 19.mp3,0.400082,0.199148974,Green,Audio File 19,126.0480183,10.81533314,136.5678153,-0.073170732,0.042002016,-2.133610493,142.403,-9.951159339,9.951159339,0.460410854,-7.317073171,7.317073171,7.317073171,-0.405818768,0.405818768,Moderate Change (5-15%),Decrease in Tempo ‚Üí Decrease in Arousal,0.42224463598196116,0.3069481451128814
000:02:23.552000,19.5.csv,Audio File 19.mp3,0.935483871,0.750129032,Green,Audio File 19,126.0480183,5.745304523,129.3650714,0.0,0.056805869,0.0,143.552,0.0,0,1.856928192,0.0,0,0,0.550980058,0.550980058,Small Change (0-5%),No Change,0.5,0.37647058823864754
000:02:24.221000,19.6.csv,Audio File 19.mp3,0.848787312,0.186903344,Green,Audio File 19,126.0480183,0.0,126.0480183,0.0,0.041201808,0.0,144.221,0.0,0,0,0.0,0,0,-0.563225688,0.563225688,Small Change (0-5%),No Change,0.5,0.37647058823864754
000:02:24.565000,19.10.csv,Audio File 19.mp3,0.455609206,0.360787361,Green,Audio File 19,132.5120192,3.731992682,128.2026853,0.051282051,0.024507219,18.7907004,144.565,6.464000938,6.464000938,54.62412907,5.128205128,5.128205128,5.128205128,0.173884017,0.173884017,Moderate Change (5-15%),Increase in Tempo ‚Üí Increase in Arousal,0.5505077578224812,0.4251957193145087
000:02:25.253000,19.13.csv,Audio File 19.mp3,0.393433358,0.482824343,Green,Audio File 19,132.5120192,3.731992682,130.3573523,0.0,0.019246346,0.0,145.253,0.0,0,-27.31206454,0.0,0,0,0.122036982,0.122036982,Small Change (0-5%),No Change,0.5,0.37647058823864754
000:02:25.549000,19.7.csv,Audio File 19.mp3,0.693643092,0.377928194,Green,Audio File 19,123.046875,5.46470357,129.3569712,-0.071428571,0.033328059,-31.97683862,145.549,-9.465144231,9.465144231,-108.0298602,-7.142857143,7.142857143,7.142857143,-0.104896149,0.104896149,Moderate Change (5-15%),Decrease in Tempo ‚Üí Decrease in Arousal,0.42604221175714757,0.3086034413789117
000:02:29.492000,19.3.csv,Audio File 19.mp3,0.288190623,0.499449703,Green,Audio File 19,161.4990234,20.03498227,139.0193059,0.3125,0.071663542,9.752003154,149.492,38.45214844,38.45214844,10.58301846,31.25,31.25,31.25,0.121521509,0.121521509,Large Change (>15%),Increase in Tempo ‚Üí Increase in Arousal,0.8004535147487968,0.6733893557440535
000:02:31.148000,19.7.csv,Audio File 19.mp3,0.724224755,0.804032702,Green,Audio File 19,172.265625,25.8746104,152.2705078,0.066666667,0.118762327,6.501570992,151.148,10.76660156,10.76660156,-1.962821354,6.666666667,6.666666667,6.666666667,0.304582999,0.304582999,Moderate Change (5-15%),Increase in Tempo ‚Üí Increase in Arousal,0.5841269841046592,0.43981325864296794
000:02:31.570000,19.5.csv,Audio File 19.mp3,0.977419355,0.843677419,Green,Audio File 19,135.9991776,18.62532796,156.587942,-0.210526316,0.144328893,-85.93944874,151.57,-36.26644737,36.26644737,-219.0545491,-21.05263158,21.05263158,21.05263158,0.039644717,0.039644717,Large Change (>15%),Decrease in Tempo ‚Üí Increase in Arousal,0.21662489556932651,0.17644110275131997
000:02:32.099000,19.14.csv,Audio File 19.mp3,0.319478376,0.441601303,Green,Audio File 19,135.9991776,20.93844315,148.0879934,0.0,0.143420679,0.0,152.099,0.0,0,162.4564248,0.0,0,0,-0.402076116,0.402076116,Small Change (0-5%),No Change,0.5,0.37647058823864754
000:02:34.205000,19.4.csv,Audio File 19.mp3,0.869193956,0.52629243,Green,Audio File 19,161.4990234,14.72234284,144.4991262,0.1875,0.120740695,12.10818889,154.205,25.49984581,25.49984581,5.749377441,18.75,18.75,18.75,0.084691127,0.084691127,Large Change (>15%),Increase in Tempo ‚Üí Increase in Arousal,0.6992481203260142,0.5546218487418911
000:02:34.532000,19.15.csv,Audio File 19.mp3,0.242327804,0.610903948,Green,Audio File 19,126.0480183,18.28497322,141.1820731,-0.219512195,0.124263555,-108.4128598,154.532,-35.45100514,35.45100514,-368.565898,-21.95121951,21.95121951,21.95121951,0.084611518,0.084611518,Large Change (>15%),Decrease in Tempo ‚Üí Increase in Arousal,0.22299651572627027,0.16790325888985327
000:02:34.758000,19.19.csv,Audio File 19.mp3,0.503736829,0.253124234,Green,Audio File 19,126.0480183,20.46764736,137.86502,0.0,0.126620087,0.0,154.758,0.0,0,479.7029193,0.0,0,0,-0.357779713,0.357779713,Small Change (0-5%),No Change,0.5,0.37647058823864754
000:02:35.389000,19.5.csv,Audio File 19.mp3,0.993548387,0.924322581,Green,Audio File 19,126.0480183,0.0,126.0480183,0.0,0.092658306,0.0,155.389,0.0,0,0,0.0,0,0,0.671198346,0.671198346,Small Change (0-5%),No Change,0.5,0.37647058823864754
000:02:35.826000,19.19.csv,Audio File 19.mp3,0.486584171,0.348689047,Green,Audio File 19,161.4990234,20.46764736,137.86502,0.28125,0.098974332,81.12358157,155.826,35.45100514,35.45100514,185.6374864,28.125,28.125,28.125,-0.575633534,0.575633534,Large Change (>15%),Increase in Tempo ‚Üí Decrease in Arousal,0.7770034842737297,0.6436974789935128
000:02:36.124000,19.20.csv,Audio File 19.mp3,0.403271257,0.294780691,Green,Audio File 19,161.4990234,20.46764736,149.6820217,0.0,0.09506745,0.0,156.124,0.0,0,-272.2267838,0.0,0,0,-0.053908356,0.053908356,Small Change (0-5%),No Change,0.5,0.37647058823864754
000:02:36.539000,19.2.csv,Audio File 19.mp3,0.509987274,0.621855807,Green,Audio File 19,172.265625,6.21610031,165.0878906,0.066666667,0.107618543,25.94361822,156.539,10.76660156,10.76660156,62.51474271,6.666666667,6.666666667,6.666666667,0.327075116,0.327075116,Moderate Change (5-15%),Increase in Tempo ‚Üí Increase in Arousal,0.5841269841046592,0.43981325864296794
000:02:37.165000,19.1.csv,Audio File 19.mp3,0.879335021,0.478652428,Green,Audio File 19,172.265625,6.21610031,168.6767578,0.0,0.070415425,0.0,157.165,0.0,0,-41.44347959,0.0,0,0,-0.143203379,0.143203379,Small Change (0-5%),No Change,0.5,0.37647058823864754
000:02:38.420000,19.18.csv,Audio File 19.mp3,0.371057514,-0.262655712,Blue,Audio File 19,161.4990234,6.21610031,168.6767578,-0.0625,0.037119189,-8.578965388,158.42,-10.76660156,10.76660156,-6.835828995,-6.25,6.25,6.25,-0.741308139,0.741308139,Moderate Change (5-15%),Decrease in Tempo ‚Üí Decrease in Arousal,0.41587301589534076,0.3170868347375664
000:02:38.855000,19.18.csv,Audio File 19.mp3,0.371057514,-0.069175722,Blue,Audio File 19,129.1992188,22.4124684,154.3212891,-0.2,0.072978934,-74.25242457,158.855,-32.29980469,32.29980469,-150.9734694,-20.0,20,20,0.193479989,0.193479989,Large Change (>15%),Decrease in Tempo ‚Üí Increase in Arousal,0.24761904760788517,0.18644257703518774
000:02:40.976000,19.18.csv,Audio File 19.mp3,0.286244368,0.214418235,Green,Audio File 19,161.4990234,18.64830093,150.7324219,0.25,0.10193419,15.22857364,160.976,32.29980469,32.29980469,42.18811797,25.0,25,25,0.283593957,0.283593957,Large Change (>15%),Increase in Tempo ‚Üí Increase in Arousal,0.7523809523921148,0.6140056022429723
000:02:54.206000,19.11.csv,Audio File 19.mp3,0.551858855,0.143213929,Green,Audio File 19,151.9990809,16.60000002,147.5657744,-0.058823529,0.127147545,-0.718060662,174.206,-9.499942555,9.499942555,-1.205338949,-5.882352941,5.882352941,5.882352941,-0.071204306,0.071204306,Moderate Change (5-15%),Decrease in Tempo ‚Üí Decrease in Arousal,0.4257703081268607,0.3205799967098949
000:02:58.766000,19.15.csv,Audio File 19.mp3,0.28090309,0.398739874,Green,Audio File 19,161.4990234,5.484794392,158.3323759,0.0625,0.090283714,2.083320736,178.766,9.499942555,9.499942555,0.614338026,6.25,6.25,6.25,0.255525945,0.255525945,Moderate Change (5-15%),Increase in Tempo ‚Üí Increase in Arousal,0.5742296918731393,0.4358543417397287
000:02:59.198000,19.8.csv,Audio File 19.mp3,0.7527075,0.558980812,Green,Audio File 19,161.4990234,5.484794392,158.3323759,0.0,0.060591414,0.0,179.198,0.0,0,-4.822501703,0.0,0,0,0.160240938,0.160240938,Small Change (0-5%),No Change,0.5,0.37647058823864754
000:02:59.505000,19.13.csv,Audio File 19.mp3,0.422244138,0.112716635,Green,Audio File 19,161.4990234,0.0,161.4990234,0.0,0.023094011,0.0,179.505,0.0,0,0,0.0,0,0,-0.446264177,0.446264177,Small Change (0-5%),No Change,0.5,0.37647058823864754
000:02:59.946000,19.15.csv,Audio File 19.mp3,0.109457374,0.645193091,Green,Audio File 19,161.4990234,0.0,161.4990234,0.0,0.011547005,0.0,179.946,0.0,0,0,0.0,0,0,0.532476456,0.532476456,Small Change (0-5%),No Change,0.5,0.37647058823864754
000:02:59.956000,19.3.csv,Audio File 19.mp3,0.257373982,0.61831389,Green,Audio File 19,161.4990234,0.0,161.4990234,0.0,0.0,0.0,179.956,0.0,0,0,0.0,0,0,-0.026879201,0.026879201,Small Change (0-5%),No Change,0.5,0.37647058823864754
000:03:00.138000,19.12.csv,Audio File 19.mp3,0.673348547,0.447270709,Green,Audio File 19,161.4990234,0.0,161.4990234,0.0,0.0,0.0,180.138,0.0,0,0,0.0,0,0,-0.171043181,0.171043181,Small Change (0-5%),No Change,0.5,0.37647058823864754
000:03:00.249000,19.8.csv,Audio File 19.mp3,0.545993799,0.66458455,Green,Audio File 19,161.4990234,0.0,161.4990234,0.0,0.0,0.0,180.249,0.0,0,0,0.0,0,0,0.217313842,0.217313842,Small Change (0-5%),No Change,0.5,0.37647058823864754
000:03:00.309000,19.16.csv,Audio File 19.mp3,0.332079136,0.389246268,Green,Audio File 19,161.4990234,0.0,161.4990234,0.0,0.0,0.0,180.309,0.0,0,0,0.0,0,0,-0.275338283,0.275338283,Small Change (0-5%),No Change,0.5,0.37647058823864754
000:03:00.377000,19.18.csv,Audio File 19.mp3,0.270341903,0.445003976,Green,Audio File 19,161.4990234,0.0,161.4990234,0.0,0.0,0.0,180.377,0.0,0,0,0.0,0,0,0.055757708,0.055757708,Small Change (0-5%),No Change,0.5,0.37647058823864754
000:03:00.422000,19.2.csv,Audio File 19.mp3,0.335140818,0.719238643,Green,Audio File 19,161.4990234,0.0,161.4990234,0.0,0.0,0.0,180.422,0.0,0,0,0.0,0,0,0.274234668,0.274234668,Small Change (0-5%),No Change,0.5,0.37647058823864754
000:03:00.686000,19.13.csv,Audio File 19.mp3,0.482081911,0.212446257,Green,Audio File 19,97.50884434,36.94474713,140.1689637,-0.396226415,0.08785765,-242.387042,180.686,-63.9901791,63.9901791,-918.132735,-39.62264151,39.62264151,39.62264151,-0.506792386,0.506792386,Large Change (>15%),Decrease in Tempo ‚Üí Decrease in Arousal,0.0,0.0
000:03:00.745000,19.15.csv,Audio File 19.mp3,-0.01484077,0.773777378,Yellow,Audio File 19,97.50884434,36.94474713,118.838904,0.0,0.191484621,0.0,180.745,0.0,0,4108.25495,0.0,0,0,0.561331121,0.561331121,Small Change (0-5%),No Change,0.5,0.37647058823864754
000:03:00.771000,19.4.csv,Audio File 19.mp3,0.776456651,0.646542647,Green,Audio File 19,97.50884434,0.0,97.50884434,0.0,0.191484621,0.0,180.771,0.0,0,0,0.0,0,0,-0.127234731,0.127234731,Small Change (0-5%),No Change,0.5,0.37647058823864754
000:03:01.191000,19.18.csv,Audio File 19.mp3,0.193479989,0.582825338,Green,Audio File 19,97.50884434,0.0,97.50884434,0.0,0.103626971,0.0,181.191,0.0,0,0,0.0,0,0,-0.063717309,0.063717309,Small Change (0-5%),No Change,0.5,0.37647058823864754
000:03:01.399000,19.8.csv,Audio File 19.mp3,0.480834045,0.745472521,Green,Audio File 19,97.50884434,0.0,97.50884434,0.0,0.0,0.0,181.399,0.0,0,0,0.0,0,0,0.162647183,0.162647183,Small Change (0-5%),No Change,0.5,0.37647058823864754
000:03:01.786000,19.13.csv,Audio File 19.mp3,0.490946767,0.496121626,Green,Audio File 19,161.4990234,36.94474713,118.838904,0.65625,0.103626971,165.3493,181.786,63.9901791,63.9901791,427.2591731,65.625,65.625,65.625,-0.249350895,0.249350895,Large Change (>15%),Increase in Tempo ‚Üí Decrease in Arousal,1.0,1.0
000:03:03.285000,19.5.csv,Audio File 19.mp3,0.741935484,0.924322581,Green,Audio File 19,161.4990234,36.94474713,140.1689637,0.0,0.191484621,0.0,183.285,0.0,0,-110.3064043,0.0,0,0,0.428200955,0.428200955,Small Change (0-5%),No Change,0.5,0.37647058823864754
000:03:03.299000,19.7.csv,Audio File 19.mp3,0.62840221,0.424820078,Green,Audio File 19,161.4990234,0.0,161.4990234,0.0,0.191484621,0.0,183.299,0.0,0,0,0.0,0,0,-0.499502503,0.499502503,Small Change (0-5%),No Change,0.5,0.37647058823864754
000:03:03.402000,19.13.csv,Audio File 19.mp3,0.451054918,0.649040379,Green,Audio File 19,161.4990234,0.0,161.4990234,0.0,0.08785765,0.0,183.402,0.0,0,0,0.0,0,0,0.224220302,0.224220302,Small Change (0-5%),No Change,0.5,0.37647058823864754
000:03:04.084000,19.8.csv,Audio File 19.mp3,0.355008313,0.72300364,Green,Audio File 19,132.5120192,16.73565468,151.8366887,-0.179487179,0.036740472,-42.50293872,184.084,-28.98700421,28.98700421,-62.32102452,-17.94871795,17.94871795,17.94871795,0.073963261,0.073963261,Large Change (>15%),Decrease in Tempo ‚Üí Increase in Arousal,0.2735042734862419,0.20593262945413054
000:03:04.464000,19.6.csv,Audio File 19.mp3,0.846896917,0.421312312,Green,Audio File 19,132.5120192,16.73565468,142.174354,0.0,0.075977869,0.0,184.464,0.0,0,111.8498387,0.0,0,0,-0.301691328,0.301691328,Small Change (0-5%),No Change,0.5,0.37647058823864754
000:03:04.469000,19.13.csv,Audio File 19.mp3,0.377919862,0.746553788,Green,Audio File 19,132.5120192,0.0,132.5120192,0.0,0.075977869,0.0,184.469,0.0,0,0,0.0,0,0,0.325241475,0.325241475,Small Change (0-5%),No Change,0.5,0.37647058823864754
000:03:05.605000,19.17.csv,Audio File 19.mp3,0.283593957,0.288629738,Green,Audio File 19,120.1853198,7.116823253,128.4031194,-0.093023256,0.057712606,-10.85096784,185.605,-12.32669946,12.32669946,-9.551908308,-9.302325581,9.302325581,9.302325581,-0.45792405,0.45792405,Moderate Change (5-15%),Decrease in Tempo ‚Üí Decrease in Arousal,0.4036828804562605,0.28808546675242264
000:03:05.699000,19.11.csv,Audio File 19.mp3,0.558994577,0.278792636,Green,Audio File 19,120.1853198,7.116823253,124.2942196,0.0,0.037561168,0.0,185.699,0.0,0,115.4358281,0.0,0,0,-0.009837102,0.009837102,Small Change (0-5%),No Change,0.5,0.37647058823864754
000:03:06.100000,19.17.csv,Audio File 19.mp3,0.267691492,0.368142062,Green,Audio File 19,120.1853198,0.0,120.1853198,0.0,0.037561168,0.0,186.1,0.0,0,0,0.0,0,0,0.089349426,0.089349426,Small Change (0-5%),No Change,0.5,0.37647058823864754
000:03:06.263000,19.11.csv,Audio File 19.mp3,0.580401741,0.369773084,Green,Audio File 19,120.1853198,0.0,120.1853198,0.0,0.019085959,0.0,186.263,0.0,0,0,0.0,0,0,0.001631022,0.001631022,Small Change (0-5%),No Change,0.5,0.37647058823864754
000:03:10.294000,19.5.csv,Audio File 19.mp3,0.65483871,0.930774194,Green,Audio File 19,143.5546875,13.49231075,127.975109,0.194444444,0.03514306,5.79741199,190.294,23.36936773,23.36936773,1.438206894,19.44444444,19.44444444,19.44444444,0.561001109,0.561001109,Large Change (>15%),Increase in Tempo ‚Üí Increase in Arousal,0.6826012058309742,0.5612200435331162
000:03:10.715000,19.15.csv,Audio File 19.mp3,-0.076989842,0.900218593,Yellow,Audio File 19,161.4990234,20.7161316,141.7463436,0.125,0.0838595,42.62312574,190.715,17.94433594,17.94433594,87.47200416,12.5,12.5,12.5,-0.0305556,0.0305556,Moderate Change (5-15%),Increase in Tempo ‚Üí Decrease in Arousal,0.6402116402265234,0.4952380952408099
000:03:11.224000,19.5.csv,Audio File 19.mp3,0.758064516,0.959806452,Green,Audio File 19,161.4990234,10.36016718,155.5175781,0.0,0.106065279,0.0,191.224,0.0,0,-83.73895038,0.0,0,0,0.059587858,0.059587858,Small Change (0-5%),No Change,0.5,0.37647058823864754
000:03:11.442000,19.19.csv,Audio File 19.mp3,0.425324675,0.505513355,Green,Audio File 19,161.4990234,0.0,161.4990234,0.0,0.070922219,0.0,191.442,0.0,0,0,0.0,0,0,-0.454293097,0.454293097,Small Change (0-5%),No Change,0.5,0.37647058823864754
000:03:11.537000,19.2.csv,Audio File 19.mp3,0.324074586,0.854246666,Green,Audio File 19,129.1992188,18.64830093,150.7324219,-0.2,0.063445085,-339.9979441,191.537,-32.29980469,32.29980469,-3578.925727,-20.0,20,20,0.348733312,0.348733312,Large Change (>15%),Decrease in Tempo ‚Üí Increase in Arousal,0.24761904760788517,0.18644257703518774
000:03:11.561000,19.6.csv,Audio File 19.mp3,0.818540993,0.716213917,Green,Audio File 19,129.1992188,18.64830093,139.9658203,0.0,0.085650864,0.0,191.561,0.0,0,14166.581,0.0,0,0,-0.138032749,0.138032749,Small Change (0-5%),No Change,0.5,0.37647058823864754
000:03:11.597000,19.7.csv,Audio File 19.mp3,0.585587882,0.591999837,Green,Audio File 19,129.1992188,0.0,129.1992188,0.0,0.085650864,0.0,191.597,0.0,0,0,0.0,0,0,-0.12421408,0.12421408,Small Change (0-5%),No Change,0.5,0.37647058823864754
000:03:11.696000,19.1.csv,Audio File 19.mp3,0.894748431,0.63498844,Green,Audio File 19,129.1992188,0.0,129.1992188,0.0,0.044411559,0.0,191.696,0.0,0,0,0.0,0,0,0.042988603,0.042988603,Small Change (0-5%),No Change,0.5,0.37647058823864754
000:03:11.889000,19.19.csv,Audio File 19.mp3,0.339561382,0.735849057,Green,Audio File 19,129.1992188,0.0,129.1992188,0.0,0.0,0.0,191.889,0.0,0,0,0.0,0,0,0.100860617,0.100860617,Small Change (0-5%),No Change,0.5,0.37647058823864754
000:03:11.914000,19.20.csv,Audio File 19.mp3,0.36896594,0.534917912,Green,Audio File 19,129.1992188,0.0,129.1992188,0.0,0.0,0.0,191.914,0.0,0,0,0.0,0,0,-0.200931144,0.200931144,Small Change (0-5%),No Change,0.5,0.37647058823864754
000:03:12.156000,19.3.csv,Audio File 19.mp3,0.233160907,0.754787585,Green,Audio File 19,129.1992188,0.0,129.1992188,0.0,0.0,0.0,192.156,0.0,0,0,0.0,0,0,0.219869673,0.219869673,Small Change (0-5%),No Change,0.5,0.37647058823864754
000:03:12.562000,19.20.csv,Audio File 19.mp3,0.297904925,0.684391081,Green,Audio File 19,120.1853198,5.204177004,126.1945858,-0.069767442,0.013746435,-22.20172163,192.562,-9.013898983,9.013898983,-54.68404343,-6.976744186,6.976744186,6.976744186,-0.070396505,0.070396505,Moderate Change (5-15%),Decrease in Tempo ‚Üí Decrease in Arousal,0.42956810631117615,0.3101817471216035
000:03:12.764000,19.7.csv,Audio File 19.mp3,0.642673653,0.728597933,Green,Audio File 19,120.1853198,5.204177004,123.1899528,0.0,0.027828149,0.0,192.764,0.0,0,109.909513,0.0,0,0,0.044206852,0.044206852,Small Change (0-5%),No Change,0.5,0.37647058823864754
000:03:13.092000,19.5.csv,Audio File 19.mp3,0.261290323,0.963032258,Green,Audio File 19,120.1853198,0.0,120.1853198,0.0,0.027828149,0.0,193.092,0.0,0,0,0.0,0,0,0.234434325,0.234434325,Small Change (0-5%),No Change,0.5,0.37647058823864754
000:03:13.595000,19.20.csv,Audio File 19.mp3,0.270950747,0.787307033,Green,Audio File 19,161.4990234,23.85247794,133.9565543,0.34375,0.07343548,82.13459974,193.595,41.31370367,41.31370367,163.2894627,34.375,34.375,34.375,-0.175725225,0.175725225,Large Change (>15%),Increase in Tempo ‚Üí Decrease in Arousal,0.8228128460574976,0.7030812324945941
000:03:16.018000,19.5.csv,Audio File 19.mp3,0.074193548,0.98883871,Green,Audio File 19,143.5546875,20.7161316,141.7463436,-0.111111111,0.108070206,-7.405834064,196.018,-17.94433594,17.94433594,-36.95436806,-11.11111111,11.11111111,11.11111111,0.201531677,0.201531677,Moderate Change (5-15%),Decrease in Tempo ‚Üí Increase in Arousal,0.35978835977347656,0.2708994709139492
000:03:17.402000,19.14.csv,Audio File 19.mp3,0.274473876,0.610903948,Green,Audio File 19,161.4990234,10.36016718,155.5175781,0.125,0.130275985,12.96556065,197.402,17.94433594,17.94433594,14.71921583,12.5,12.5,12.5,-0.377934762,0.377934762,Moderate Change (5-15%),Increase in Tempo ‚Üí Decrease in Arousal,0.6402116402265234,0.4952380952408099
000:03:19.464000,19.10.csv,Audio File 19.mp3,0.448209198,0.286787287,Green,Audio File 19,129.1992188,16.18309848,144.7509766,-0.2,0.108188746,-15.66430877,199.464,-32.29980469,32.29980469,-13.88451475,-20.0,20,20,-0.324116661,0.324116661,Large Change (>15%),Decrease in Tempo ‚Üí Decrease in Arousal,0.24761904760788517,0.18644257703518774
000:03:20.194000,19.10.csv,Audio File 19.mp3,0.457459207,0.168387168,Green,Audio File 19,161.4990234,18.64830093,150.7324219,0.25,0.100711611,44.24630779,200.194,32.29980469,32.29980469,82.06933776,25.0,25,25,-0.118400118,0.118400118,Large Change (>15%),Increase in Tempo ‚Üí Decrease in Arousal,0.7523809523921148,0.6140056022429723
000:03:20.893000,19.10.csv,Audio File 19.mp3,0.537009287,0.094387094,Green,Audio File 19,161.4990234,18.64830093,150.7324219,0.0,0.119745137,0.0,200.893,0.0,0,-63.2994389,0.0,0,0,-0.074000074,0.074000074,Small Change (0-5%),No Change,0.5,0.37647058823864754
000:03:21.997000,19.7.csv,Audio File 19.mp3,0.822086077,0.828498033,Green,Audio File 19,151.9990809,5.484794392,158.3323759,-0.058823529,0.094025615,-8.60502043,201.997,-9.499942555,9.499942555,-7.794402564,-5.882352941,5.882352941,5.882352941,0.734110938,0.734110938,Moderate Change (5-15%),Decrease in Tempo ‚Üí Increase in Arousal,0.4257703081268607,0.3205799967098949
000:03:22.266000,19.8.csv,Audio File 19.mp3,0.516784254,0.758953849,Green,Audio File 19,151.9990809,5.484794392,155.1657284,0.0,0.064568969,0.0,202.266,0.0,0,31.98892353,0.0,0,0,-0.069544184,0.069544184,Small Change (0-5%),No Change,0.5,0.37647058823864754
000:03:22.962000,19.5.csv,Audio File 19.mp3,0.506451613,0.766258065,Green,Audio File 19,161.4990234,5.484794392,155.1657284,0.0625,0.035112322,13.64934275,202.962,9.499942555,9.499942555,19.61112464,6.25,6.25,6.25,0.007304216,0.007304216,Moderate Change (5-15%),Increase in Tempo ‚Üí Increase in Arousal,0.5742296918731393,0.4358543417397287
000:03:22.994000,19.10.csv,Audio File 19.mp3,0.744209494,-0.033263033,Blue,Audio File 19,161.4990234,5.484794392,158.3323759,0.0,0.035112322,0.0,202.994,0.0,0,-426.541961,0.0,0,0,-0.799521098,0.799521098,Small Change (0-5%),No Change,0.5,0.37647058823864754
000:03:23.115000,19.8.csv,Audio File 19.mp3,0.577450231,0.776928953,Green,Audio File 19,161.4990234,0.0,161.4990234,0.0,0.023329664,0.0,203.115,0.0,0,0,0.0,0,0,0.810191987,0.810191987,Small Change (0-5%),No Change,0.5,0.37647058823864754
000:03:23.270000,19.4.csv,Audio File 19.mp3,0.839636715,0.751842752,Green,Audio File 19,161.4990234,0.0,161.4990234,0.0,0.011547005,0.0,203.27,0.0,0,0,0.0,0,0,-0.025086202,0.025086202,Small Change (0-5%),No Change,0.5,0.37647058823864754
000:03:23.871000,19.3.csv,Audio File 19.mp3,0.230959718,0.411402157,Green,Audio File 19,161.4990234,0.0,161.4990234,0.0,0.0,0.0,203.871,0.0,0,0,0.0,0,0,-0.340440595,0.340440595,Small Change (0-5%),No Change,0.5,0.37647058823864754
000:03:26.039000,19.5.csv,Audio File 19.mp3,0.674193548,0.772709677,Green,Audio File 19,161.4990234,0.0,161.4990234,0.0,0.0,0.0,206.039,0.0,0,0,0.0,0,0,0.36130752,0.36130752,Small Change (0-5%),No Change,0.5,0.37647058823864754
000:03:26.247000,19.18.csv,Audio File 19.mp3,0.204081633,0.028889478,Green,Audio File 19,161.4990234,0.0,161.4990234,0.0,0.0,0.0,206.247,0.0,0,0,0.0,0,0,-0.7438202,0.7438202,Small Change (0-5%),No Change,0.5,0.37647058823864754
000:03:28.262000,19.18.csv,Audio File 19.mp3,0.16432547,0.262125629,Green,Audio File 19,126.0480183,20.46764736,149.6820217,-0.219512195,0.045580284,-17.59355094,208.262,-35.45100514,35.45100514,-8.731290789,-21.95121951,21.95121951,21.95121951,0.233236152,0.233236152,Large Change (>15%),Decrease in Tempo ‚Üí Increase in Arousal,0.22299651572627027,0.16790325888985327
000:03:28.877000,19.18.csv,Audio File 19.mp3,0.177577525,0.527166711,Green,Audio File 19,132.5120192,18.88034025,140.019687,0.051282051,0.090527155,10.51057063,208.877,6.464000938,6.464000938,45.69775865,5.128205128,5.128205128,5.128205128,0.265041081,0.265041081,Moderate Change (5-15%),Increase in Tempo ‚Üí Increase in Arousal,0.5505077578224812,0.4251957193145087
000:03:30.963000,19.18.csv,Audio File 19.mp3,0.318049298,0.776305327,Green,Audio File 19,135.9991776,5.049243409,131.5197384,0.026315789,0.10332433,1.671696261,210.963,3.487158401,3.487158401,-4.237236035,2.631578947,2.631578947,2.631578947,0.249138616,0.249138616,Small Change (0-5%),Increase in Tempo ‚Üí Increase in Arousal,0.5272476061955575,0.4014742739198128
000:03:31.813000,19.17.csv,Audio File 19.mp3,0.278293135,0.434402332,Green,Audio File 19,132.5120192,2.013311841,133.6744054,-0.025641026,0.062764483,-4.102539295,211.813,-3.487158401,3.487158401,-6.793218301,-2.564102564,2.564102564,2.564102564,-0.341902995,0.341902995,Small Change (0-5%),Decrease in Tempo ‚Üí Decrease in Arousal,0.4727523938044424,0.35210802270071695
000:03:31.946000,19.11.csv,Audio File 19.mp3,0.600024975,0.378692736,Green,Audio File 19,132.5120192,2.013311841,133.6744054,0.0,0.022838049,0.0,211.946,0.0,0,30.84616011,0.0,0,0,-0.055709597,0.055709597,Small Change (0-5%),No Change,0.5,0.37647058823864754
000:03:32.070000,19.8.csv,Audio File 19.mp3,0.638116209,0.79265717,Green,Audio File 19,132.5120192,0.0,132.5120192,0.0,0.010040874,0.0,212.07,0.0,0,0,0.0,0,0,0.413964434,0.413964434,Small Change (0-5%),No Change,0.5,0.37647058823864754
000:03:32.178000,19.18.csv,Audio File 19.mp3,0.432016963,0.847866419,Green,Audio File 19,132.5120192,0.0,132.5120192,0.0,0.005020437,0.0,212.178,0.0,0,0,0.0,0,0,0.055209249,0.055209249,Small Change (0-5%),No Change,0.5,0.37647058823864754
000:03:32.345000,19.11.csv,Audio File 19.mp3,0.603592836,0.253817611,Green,Audio File 19,132.5120192,0.0,132.5120192,0.0,0.0,0.0,212.345,0.0,0,0,0.0,0,0,-0.594048808,0.594048808,Small Change (0-5%),No Change,0.5,0.37647058823864754
000:03:32.905000,19.3.csv,Audio File 19.mp3,0.22875853,0.382786705,Green,Audio File 19,143.5546875,6.375487498,136.1929087,0.083333333,0.015604061,19.71905048,212.905,11.04266827,11.04266827,35.21259014,8.333333333,8.333333333,8.333333333,0.128969094,0.128969094,Moderate Change (5-15%),Increase in Tempo ‚Üí Increase in Arousal,0.5862840862872347,0.455648926236922
000:03:32.942000,19.17.csv,Audio File 19.mp3,0.339252584,0.577524516,Green,Audio File 19,143.5546875,6.375487498,139.8737981,0.0,0.030797489,0.0,212.942,0.0,0,-532.9473103,0.0,0,0,0.194737811,0.194737811,Small Change (0-5%),No Change,0.5,0.37647058823864754
000:03:33.148000,19.7.csv,Audio File 19.mp3,0.905675957,0.873351139,Green,Audio File 19,143.5546875,0.0,143.5546875,0.0,0.030797489,0.0,213.148,0.0,0,0,0.0,0,0,0.295826622,0.295826622,Small Change (0-5%),No Change,0.5,0.37647058823864754
000:03:33.328000,19.11.csv,Audio File 19.mp3,0.62321607,0.346581989,Green,Audio File 19,143.5546875,0.0,143.5546875,0.0,0.015193428,0.0,213.328,0.0,0,0,0.0,0,0,-0.526769149,0.526769149,Small Change (0-5%),No Change,0.5,0.37647058823864754
000:03:33.372000,19.3.csv,Audio File 19.mp3,0.22875853,0.545674664,Green,Audio File 19,143.5546875,0.0,143.5546875,0.0,0.0,0.0,213.372,0.0,0,0,0.0,0,0,0.199092675,0.199092675,Small Change (0-5%),No Change,0.5,0.37647058823864754
000:03:33.695000,19.19.csv,Audio File 19.mp3,0.266049988,0.833864249,Green,Audio File 19,151.9990809,4.875372792,146.3694853,0.058823529,0.01110289,26.14363276,213.695,8.444393382,8.444393382,80.94003951,5.882352941,5.882352941,5.882352941,0.288189585,0.288189585,Moderate Change (5-15%),Increase in Tempo ‚Üí Increase in Arousal,0.565981948329943,0.4323611797674002
000:03:33.826000,19.18.csv,Audio File 19.mp3,0.543334217,0.88232176,Green,Audio File 19,151.9990809,4.875372792,149.1842831,0.0,0.021996291,0.0,213.826,0.0,0,-199.5697157,0.0,0,0,0.048457511,0.048457511,Small Change (0-5%),No Change,0.5,0.37647058823864754
000:03:34.114000,19.1.csv,Audio File 19.mp3,0.914565672,0.749488055,Green,Audio File 19,151.9990809,0.0,151.9990809,0.0,0.021996291,0.0,214.114,0.0,0,0,0.0,0,0,-0.132833705,0.132833705,Small Change (0-5%),No Change,0.5,0.37647058823864754
000:03:34.130000,19.11.csv,Audio File 19.mp3,0.633919652,0.409019552,Green,Audio File 19,151.9990809,0.0,151.9990809,0.0,0.010893401,0.0,214.13,0.0,0,0,0.0,0,0,-0.340468503,0.340468503,Small Change (0-5%),No Change,0.5,0.37647058823864754
000:03:34.386000,19.5.csv,Audio File 19.mp3,0.767741935,0.830774194,Green,Audio File 19,151.9990809,0.0,151.9990809,0.0,0.0,0.0,214.386,0.0,0,0,0.0,0,0,0.421754642,0.421754642,Small Change (0-5%),No Change,0.5,0.37647058823864754
000:03:36.767000,19.5.csv,Audio File 19.mp3,0.925806452,0.963032258,Green,Audio File 19,126.0480183,14.98285297,143.3487267,-0.170731707,0.034840102,-10.8992283,216.767,-25.95106259,25.95106259,-4.577584336,-17.07317073,17.07317073,17.07317073,0.132258065,0.132258065,Large Change (>15%),Decrease in Tempo ‚Üí Increase in Arousal,0.2972262075603411,0.21425155430069645
000:03:37.663000,19.15.csv,Audio File 19.mp3,0.107314303,0.808066521,Green,Audio File 19,139.6748311,12.98097845,139.2406434,0.108108108,0.065915748,15.20849642,217.663,13.62681279,13.62681279,29.13808562,10.81081081,10.81081081,10.81081081,-0.154965737,0.154965737,Moderate Change (5-15%),Increase in Tempo ‚Üí Decrease in Arousal,0.6064758138018713,0.47918843212470574
000:03:39.645000,19.15.csv,Audio File 19.mp3,0.145889589,0.647336162,Green,Audio File 19,135.9991776,7.050130344,133.9073423,-0.026315789,0.08346552,-1.854517381,219.645,-3.67565345,3.67565345,-8.608987788,-2.631578947,2.631578947,2.631578947,-0.160730359,0.160730359,Small Change (0-5%),Decrease in Tempo ‚Üí Decrease in Arousal,0.47127955022398116,0.3514669025574823
000:03:40.833000,19.20.csv,Audio File 19.mp3,0.256248469,0.846116148,Green,Audio File 19,151.9990809,8.380477964,142.5576965,0.117647059,0.068220941,13.46793203,220.833,15.99990325,15.99990325,12.89768469,11.76470588,11.76470588,11.76470588,0.198779986,0.198779986,Moderate Change (5-15%),Increase in Tempo ‚Üí Increase in Arousal,0.6250184284138064,0.48825177127715
000:03:42.711000,19.5.csv,Audio File 19.mp3,0.951612903,0.963032258,Green,Audio File 19,117.4538352,17.28824565,135.1506979,-0.227272727,0.079784725,-18.3946995,222.711,-34.54524566,34.54524566,-16.96625747,-22.72727273,22.72727273,22.72727273,0.11691611,0.11691611,Large Change (>15%),Decrease in Tempo ‚Üí Increase in Arousal,0.23007384769141864,0.16052966639062125
000:03:42.766000,19.11.csv,Audio File 19.mp3,0.691005423,0.462537463,Green,Audio File 19,117.4538352,19.94470688,128.9689171,0.0,0.113784083,0.0,222.766,0.0,0,334.4490818,0.0,0,0,-0.500494796,0.500494796,Small Change (0-5%),No Change,0.5,0.37647058823864754
000:03:43.122000,19.2.csv,Audio File 19.mp3,0.472362087,0.732518121,Green,Audio File 19,117.4538352,0.0,117.4538352,0.0,0.09418856,0.0,223.122,0.0,0,0,0.0,0,0,0.269980658,0.269980658,Small Change (0-5%),No Change,0.5,0.37647058823864754
000:03:47.720000,19.13.csv,Audio File 19.mp3,0.406730641,0.839634768,Green,Audio File 19,172.265625,31.64560158,135.7244318,0.466666667,0.12926936,11.92078942,227.72,54.81178977,54.81178977,2.592603181,46.66666667,46.66666667,46.66666667,0.107116647,0.107116647,Large Change (>15%),Increase in Tempo ‚Üí Increase in Arousal,0.9282828282473115,0.8198692810783916
000:03:48.739000,19.3.csv,Audio File 19.mp3,0.208947832,0.717367378,Green,Audio File 19,143.5546875,27.41625041,144.4247159,-0.166666667,0.140997141,-28.17560108,228.739,-28.7109375,28.7109375,-39.34876399,-16.66666667,16.66666667,16.66666667,-0.12226739,0.12226739,Large Change (>15%),Decrease in Tempo ‚Üí Decrease in Arousal,0.2756613756688173,0.21811391220409304
000:03:55.620000,19.2.csv,Audio File 19.mp3,0.558678692,0.692679688,Green,Audio File 19,161.4990234,14.50423406,159.1064453,0.125,0.171383997,2.607809321,235.62,17.94433594,17.94433594,4.473682662,12.5,12.5,12.5,-0.02468769,0.02468769,Moderate Change (5-15%),Increase in Tempo ‚Üí Decrease in Arousal,0.6402116402265234,0.4952380952408099
000:03:55.697000,19.11.csv,Audio File 19.mp3,0.748091195,0.492864279,Green,Audio File 19,161.4990234,10.36016718,155.5175781,0.0,0.115869549,0.0,235.697,0.0,0,-33.86765352,0.0,0,0,-0.199815409,0.199815409,Small Change (0-5%),No Change,0.5,0.37647058823864754
000:03:55.950000,19.12.csv,Audio File 19.mp3,0.754764695,0.706322087,Green,Audio File 19,161.4990234,0.0,161.4990234,0.0,0.052592636,0.0,235.95,0.0,0,0,0.0,0,0,0.213457809,0.213457809,Small Change (0-5%),No Change,0.5,0.37647058823864754
000:03:56.025000,19.5.csv,Audio File 19.mp3,0.967741935,0.963032258,Green,Audio File 19,161.4990234,0.0,161.4990234,0.0,0.02220578,0.0,236.025,0.0,0,0,0.0,0,0,0.256710171,0.256710171,Small Change (0-5%),No Change,0.5,0.37647058823864754
000:03:56.090000,19.12.csv,Audio File 19.mp3,0.754764695,0.706322087,Green,Audio File 19,161.4990234,0.0,161.4990234,0.0,0.0,0.0,236.09,0.0,0,0,0.0,0,0,-0.256710171,0.256710171,Small Change (0-5%),No Change,0.5,0.37647058823864754
000:03:56.296000,19.6.csv,Audio File 19.mp3,0.827992968,0.871226299,Green,Audio File 19,161.4990234,0.0,161.4990234,0.0,0.0,0.0,236.296,0.0,0,0,0.0,0,0,0.164904212,0.164904212,Small Change (0-5%),No Change,0.5,0.37647058823864754
000:03:56.413000,19.11.csv,Audio File 19.mp3,0.783769802,0.594548309,Green,Audio File 19,161.4990234,0.0,161.4990234,0.0,0.0,0.0,236.413,0.0,0,0,0.0,0,0,-0.27667799,0.27667799,Small Change (0-5%),No Change,0.5,0.37647058823864754
000:03:56.608000,19.2.csv,Audio File 19.mp3,0.596303879,0.796702263,Green,Audio File 19,172.265625,6.21610031,165.0878906,0.066666667,0.012551093,55.21334135,236.608,10.76660156,10.76660156,283.1453402,6.666666667,6.666666667,6.666666667,0.202153954,0.202153954,Moderate Change (5-15%),Increase in Tempo ‚Üí Increase in Arousal,0.5841269841046592,0.43981325864296794
000:03:56.971000,19.3.csv,Audio File 19.mp3,0.202344266,0.867048206,Green,Audio File 19,172.265625,6.21610031,168.6767578,0.0,0.024835141,0.0,236.971,0.0,0,-152.1028687,0.0,0,0,0.070345943,0.070345943,Small Change (0-5%),No Change,0.5,0.37647058823864754
000:03:59.380000,19.16.csv,Audio File 19.mp3,0.261682243,0.64170409,Green,Audio File 19,120.1853198,30.06857825,154.9055233,-0.302325581,0.089538188,-21.61905572,239.38,-52.08030523,52.08030523,-8.97428631,-30.23255814,30.23255814,30.23255814,-0.225344116,0.225344116,Large Change (>15%),Decrease in Tempo ‚Üí Decrease in Arousal,0.09306016983784315,0.0892189433917891
000:03:59.397000,19.7.csv,Audio File 19.mp3,0.899559624,0.600154947,Green,Audio File 19,120.1853198,30.06857825,137.5454215,0.0,0.149856547,0.0,239.397,0.0,0,1271.70916,0.0,0,0,-0.041549143,0.041549143,Small Change (0-5%),No Change,0.5,0.37647058823864754
000:04:00.299000,19.18.csv,Audio File 19.mp3,0.596342433,0.943281209,Green,Audio File 19,172.265625,30.06857825,137.5454215,0.433333333,0.21044195,57.7386976,240.299,52.08030523,52.08030523,64.01185986,43.33333333,43.33333333,43.33333333,0.343126261,0.343126261,Large Change (>15%),Increase in Tempo ‚Üí Increase in Arousal,0.9069398301621568,0.7881979458144724
000:04:01.655000,19.2.csv,Audio File 19.mp3,0.605156864,0.905151331,Green,Audio File 19,156.6051136,26.72081334,149.6853528,-0.090909091,0.205243307,-11.54904968,241.655,-15.66051136,15.66051136,-51.09715876,-9.090909091,9.090909091,9.090909091,-0.038129878,0.038129878,Moderate Change (5-15%),Decrease in Tempo ‚Üí Decrease in Arousal,0.3776334776659501,0.29009421950893843
000:04:03.096000,19.11.csv,Audio File 19.mp3,0.760578707,0.708719852,Green,Audio File 19,172.265625,9.041600451,167.0454545,0.1,0.150416052,10.86780802,243.096,15.66051136,15.66051136,15.5564592,10.0,10,10,-0.196431479,0.196431479,Moderate Change (5-15%),Increase in Tempo ‚Üí Decrease in Arousal,0.6223665223340499,0.47148459384037744
000:04:03.866000,19.8.csv,Audio File 19.mp3,0.727991731,0.851076259,Green,Audio File 19,161.4990234,8.011675631,163.4565874,-0.0625,0.09388463,-13.98259943,243.866,-10.76660156,10.76660156,-32.27325644,-6.25,6.25,6.25,0.142356408,0.142356408,Moderate Change (5-15%),Decrease in Tempo ‚Üí Increase in Arousal,0.41587301589534076,0.3170868347375664
000:04:04.199000,19.11.csv,Audio File 19.mp3,0.769498359,0.783644927,Green,Audio File 19,161.4990234,6.21610031,165.0878906,0.0,0.046931318,0.0,244.199,0.0,0,41.98978808,0.0,0,0,-0.067431333,0.067431333,Small Change (0-5%),No Change,0.5,0.37647058823864754
000:04:06.516000,19.8.csv,Audio File 19.mp3,0.806632814,0.779175841,Green,Audio File 19,161.4990234,0.0,161.4990234,0.0,0.028889122,0.0,246.516,0.0,0,0,0.0,0,0,-0.004469085,0.004469085,Small Change (0-5%),No Change,0.5,0.37647058823864754
000:04:07.471000,19.4.csv,Audio File 19.mp3,0.936161811,0.79045279,Green,Audio File 19,161.4990234,0.0,161.4990234,0.0,0.012551093,0.0,247.471,0.0,0,0,0.0,0,0,0.011276949,0.011276949,Small Change (0-5%),No Change,0.5,0.37647058823864754
000:04:07.733000,19.8.csv,Audio File 19.mp3,0.804385925,0.718509864,Green,Audio File 19,135.9991776,14.72234284,152.9990748,-0.157894737,0.032075015,-97.32765575,247.733,-25.49984581,25.49984581,-371.4796021,-15.78947368,15.78947368,15.78947368,-0.071942927,0.071942927,Large Change (>15%),Decrease in Tempo ‚Üí Decrease in Arousal,0.30075187967398576,0.22644847417065886
000:04:08.285000,19.14.csv,Audio File 19.mp3,0.26590159,0.283014016,Green,Audio File 19,135.9991776,14.72234284,144.4991262,0.0,0.066036795,0.0,248.285,0.0,0,176.3182169,0.0,0,0,-0.435495848,0.435495848,Small Change (0-5%),No Change,0.5,0.37647058823864754
000:04:08.667000,19.9.csv,Audio File 19.mp3,0.584600585,-0.044363044,Blue,Audio File 19,132.5120192,2.013311841,134.8367915,-0.025641026,0.071013953,-9.128686913,248.667,-3.487158401,3.487158401,-23.89708616,-2.564102564,2.564102564,2.564102564,-0.32737706,0.32737706,Small Change (0-5%),Decrease in Tempo ‚Üí Decrease in Arousal,0.4727523938044424,0.35210802270071695
000:04:08.830000,19.7.csv,Audio File 19.mp3,0.926063732,0.4227813,Green,Audio File 19,132.5120192,2.013311841,133.6744054,0.0,0.043959375,0.0,248.83,0.0,0,56.00421419,0.0,0,0,0.467144345,0.467144345,Small Change (0-5%),No Change,0.5,0.37647058823864754
000:04:09.013000,19.9.csv,Audio File 19.mp3,0.584600585,-0.227513228,Blue,Audio File 19,132.5120192,0.0,132.5120192,0.0,0.009997595,0.0,249.013,0.0,0,0,0.0,0,0,-0.650294528,0.650294528,Small Change (0-5%),No Change,0.5,0.37647058823864754
000:04:09.150000,19.8.csv,Audio File 19.mp3,0.83359547,0.626387453,Green,Audio File 19,132.5120192,0.0,132.5120192,0.0,0.005020437,0.0,249.15,0.0,0,0,0.0,0,0,0.853900681,0.853900681,Small Change (0-5%),No Change,0.5,0.37647058823864754
000:04:09.630000,19.9.csv,Audio File 19.mp3,0.592000592,-0.401413401,Blue,Audio File 19,161.4990234,16.73565468,142.174354,0.21875,0.039237397,60.3895921,249.63,28.98700421,28.98700421,125.8116502,21.875,21.875,21.875,-1.027800855,1.027800855,Large Change (>15%),Increase in Tempo ‚Üí Decrease in Arousal,0.7264957265137582,0.5843137254924317
000:04:10.164000,19.9.csv,Audio File 19.mp3,0.592000592,-0.560513561,Blue,Audio File 19,161.4990234,16.73565468,151.8366887,0.0,0.075977869,0.0,250.164,0.0,0,-113.0891238,0.0,0,0,-0.159100159,0.159100159,Small Change (0-5%),No Change,0.5,0.37647058823864754
000:04:10.346000,19.16.csv,Audio File 19.mp3,0.215560141,0.784925355,Green,Audio File 19,161.4990234,0.0,161.4990234,0.0,0.075977869,0.0,250.346,0.0,0,0,0.0,0,0,1.345438916,1.345438916,Small Change (0-5%),No Change,0.5,0.37647058823864754
000:04:10.352000,19.4.csv,Audio File 19.mp3,0.948446823,0.871182871,Green,Audio File 19,161.4990234,0.0,161.4990234,0.0,0.036740472,0.0,250.352,0.0,0,0,0.0,0,0,0.086257516,0.086257516,Small Change (0-5%),No Change,0.5,0.37647058823864754
000:04:10.483000,19.8.csv,Audio File 19.mp3,0.835842358,0.498314834,Green,Audio File 19,161.4990234,0.0,161.4990234,0.0,0.0,0.0,250.483,0.0,0,0,0.0,0,0,-0.372868037,0.372868037,Small Change (0-5%),No Change,0.5,0.37647058823864754
000:04:10.563000,19.11.csv,Audio File 19.mp3,0.787337662,0.75153418,Green,Audio File 19,156.6051136,2.825500141,159.8677202,-0.03030303,0.005891329,-61.17387251,250.563,-4.893909801,4.893909801,-764.6734064,-3.03030303,3.03030303,3.03030303,0.253219346,0.253219346,Small Change (0-5%),Decrease in Tempo ‚Üí Increase in Arousal,0.4617604617627957,0.34767846533191166
000:04:10.897000,19.9.csv,Audio File 19.mp3,0.610500611,-0.695563696,Blue,Audio File 19,156.6051136,2.825500141,158.2364169,0.0,0.011843394,0.0,250.897,0.0,0,183.1553069,0.0,0,0,-1.447097876,1.447097876,Small Change (0-5%),No Change,0.5,0.37647058823864754
000:04:11.080000,19.11.csv,Audio File 19.mp3,0.792689453,0.676609105,Green,Audio File 19,156.6051136,0.0,156.6051136,0.0,0.011843394,0.0,251.08,0.0,0,0,0.0,0,0,1.372172801,1.372172801,Small Change (0-5%),No Change,0.5,0.37647058823864754
000:04:11.179000,19.6.csv,Audio File 19.mp3,0.829883363,0.576324694,Green,Audio File 19,156.6051136,0.0,156.6051136,0.0,0.005952065,0.0,251.179,0.0,0,0,0.0,0,0,-0.100284411,0.100284411,Small Change (0-5%),No Change,0.5,0.37647058823864754
000:04:11.562000,19.11.csv,Audio File 19.mp3,0.794473384,0.589196518,Green,Audio File 19,129.1992188,15.82280079,147.4698153,-0.175,0.035765061,-71.55586132,251.562,-27.40589489,27.40589489,-186.8299251,-17.5,17.5,17.5,0.012871824,0.012871824,Large Change (>15%),Decrease in Tempo ‚Üí Increase in Arousal,0.28585858583727575,0.21019607843562021
000:04:11.677000,19.6.csv,Audio File 19.mp3,0.831773758,0.377833229,Green,Audio File 19,129.1992188,15.82280079,138.334517,0.0,0.073891965,0.0,251.677,0.0,0,622.2248811,0.0,0,0,-0.211363288,0.211363288,Small Change (0-5%),No Change,0.5,0.37647058823864754
000:04:11.945000,19.11.csv,Audio File 19.mp3,0.794473384,0.492864279,Green,Audio File 19,129.1992188,0.0,129.1992188,0.0,0.073891965,0.0,251.945,0.0,0,0,0.0,0,0,0.115031049,0.115031049,Small Change (0-5%),No Change,0.5,0.37647058823864754
000:04:12.185000,19.4.csv,Audio File 19.mp3,0.902816778,0.955422955,Green,Audio File 19,129.1992188,0.0,129.1992188,0.0,0.038126905,0.0,252.185,0.0,0,0,0.0,0,0,0.462558677,0.462558677,Small Change (0-5%),No Change,0.5,0.37647058823864754
000:04:12.680000,19.11.csv,Audio File 19.mp3,0.794473384,0.396532039,Green,Audio File 19,161.4990234,18.64830093,139.9658203,0.25,0.044411559,65.25213068,252.68,32.29980469,32.29980469,131.8224862,25.0,25,25,-0.558890916,0.558890916,Large Change (>15%),Increase in Tempo ‚Üí Decrease in Arousal,0.7523809523921148,0.6140056022429723
000:04:13.947000,19.11.csv,Audio File 19.mp3,0.787337662,0.323390895,Green,Audio File 19,156.6051136,17.40838309,149.1011186,-0.03030303,0.083330076,-3.862596528,253.947,-4.893909801,4.893909801,-54.54990309,-3.03030303,3.03030303,3.03030303,-0.073141145,0.073141145,Small Change (0-5%),Decrease in Tempo ‚Üí Decrease in Arousal,0.4617604617627957,0.34767846533191166
000:04:14.463000,19.11.csv,Audio File 19.mp3,0.805176966,0.123590695,Green,Audio File 19,156.6051136,2.825500141,158.2364169,0.0,0.08928214,0.0,254.463,0.0,0,7.485652186,0.0,0,0,-0.1998002,0.1998002,Small Change (0-5%),No Change,0.5,0.37647058823864754
000:04:15.199000,19.11.csv,Audio File 19.mp3,0.783769802,-0.029827316,Blue,Audio File 19,139.6748311,9.774703191,150.9616861,-0.108108108,0.066453769,-23.0031013,255.199,-16.93028256,16.93028256,-31.25421372,-10.81081081,10.81081081,10.81081081,-0.153418011,0.153418011,Moderate Change (5-15%),Decrease in Tempo ‚Üí Decrease in Arousal,0.36771186767939523,0.27375274435258934
000:04:16.412000,19.11.csv,Audio File 19.mp3,0.794473384,-0.113672042,Blue,Audio File 19,166.7086694,13.6598238,154.329538,0.193548387,0.057038837,22.28675868,256.412,27.03383827,27.03383827,37.33706511,19.35483871,19.35483871,19.35483871,-0.083844727,0.083844727,Large Change (>15%),Increase in Tempo ‚Üí Decrease in Arousal,0.7112342757140369,0.5603686635998995
000:04:17.596000,19.11.csv,Audio File 19.mp3,0.812312687,-0.170757814,Blue,Audio File 19,132.5120192,18.03489749,146.2985066,-0.205128205,0.092178323,-28.88230585,257.596,-34.19665012,34.19665012,-43.21711531,-20.51282051,20.51282051,20.51282051,-0.057085771,0.057085771,Large Change (>15%),Decrease in Tempo ‚Üí Decrease in Arousal,0.2327976683222004,0.18157006395420555
000:04:17.764000,19.9.csv,Audio File 19.mp3,0.632700633,-0.778813779,Blue,Audio File 19,132.5120192,19.74344515,143.9109026,0.0,0.11632585,0.0,257.764,0.0,0,171.9184872,0.0,0,0,-0.608055965,0.608055965,Small Change (0-5%),No Change,0.5,0.37647058823864754
000:04:18.195000,19.11.csv,Audio File 19.mp3,0.837287712,-0.242115028,Blue,Audio File 19,132.5120192,0.0,132.5120192,0.0,0.086822265,0.0,258.195,0.0,0,0,0.0,0,0,0.536698751,0.536698751,Small Change (0-5%),No Change,0.5,0.37647058823864754
000:04:18.199000,19.8.csv,Audio File 19.mp3,0.840336134,0.36350155,Green,Audio File 19,132.5120192,0.0,132.5120192,0.0,0.045730714,0.0,258.199,0.0,0,0,0.0,0,0,0.605616578,0.605616578,Small Change (0-5%),No Change,0.5,0.37647058823864754
000:04:18.863000,19.11.csv,Audio File 19.mp3,0.87475025,-0.299200799,Blue,Audio File 19,132.5120192,0.0,132.5120192,0.0,0.0,0.0,258.863,0.0,0,0,0.0,0,0,-0.66270235,0.66270235,Small Change (0-5%),No Change,0.5,0.37647058823864754
000:04:18.867000,19.8.csv,Audio File 19.mp3,0.840336134,0.239922707,Green,Audio File 19,132.5120192,0.0,132.5120192,0.0,0.0,0.0,258.867,0.0,0,0,0.0,0,0,0.539123506,0.539123506,Small Change (0-5%),No Change,0.5,0.37647058823864754
000:04:18.954000,19.15.csv,Audio File 19.mp3,0.066595945,0.859500236,Green,Audio File 19,132.5120192,0.0,132.5120192,0.0,0.0,0.0,258.954,0.0,0,0,0.0,0,0,0.619577529,0.619577529,Small Change (0-5%),No Change,0.5,0.37647058823864754
000:04:19.245000,19.11.csv,Audio File 19.mp3,0.908644927,-0.325959755,Blue,Audio File 19,132.5120192,0.0,132.5120192,0.0,0.0,0.0,259.245,0.0,0,0,0.0,0,0,-1.18545999,1.18545999,Small Change (0-5%),No Change,0.5,0.37647058823864754
000:04:19.299000,19.12.csv,Audio File 19.mp3,0.732560291,0.462542404,Green,Audio File 19,132.5120192,0.0,132.5120192,0.0,0.0,0.0,259.299,0.0,0,0,0.0,0,0,0.788502159,0.788502159,Small Change (0-5%),No Change,0.5,0.37647058823864754
000:04:19.593000,19.11.csv,Audio File 19.mp3,0.9247003,-0.327743685,Blue,Audio File 19,135.9991776,2.013311841,133.6744054,0.026315789,0.005020437,11.861083,259.593,3.487158401,3.487158401,40.34381971,2.631578947,2.631578947,2.631578947,-0.790286089,0.790286089,Small Change (0-5%),Increase in Tempo ‚Üí Decrease in Arousal,0.5272476061955575,0.4014742739198128
000:04:19.647000,19.7.csv,Audio File 19.mp3,0.93625762,0.222981101,Green,Audio File 19,135.9991776,2.013311841,134.8367915,0.0,0.009997595,0.0,259.647,0.0,0,-219.6496851,0.0,0,0,0.550724785,0.550724785,Small Change (0-5%),No Change,0.5,0.37647058823864754
000:04:19.699000,19.8.csv,Audio File 19.mp3,0.851570575,0.069159214,Green,Audio File 19,135.9991776,0.0,135.9991776,0.0,0.009997595,0.0,259.699,0.0,0,0,0.0,0,0,-0.153821886,0.153821886,Small Change (0-5%),No Change,0.5,0.37647058823864754
000:04:19.783000,19.12.csv,Audio File 19.mp3,0.732560291,0.307111577,Green,Audio File 19,135.9991776,0.0,135.9991776,0.0,0.004977157,0.0,259.783,0.0,0,0,0.0,0,0,0.237952363,0.237952363,Small Change (0-5%),No Change,0.5,0.37647058823864754
000:04:19.911000,19.9.csv,Audio File 19.mp3,0.691900692,-0.886113886,Blue,Audio File 19,135.9991776,0.0,135.9991776,0.0,0.0,0.0,259.911,0.0,0,0,0.0,0,0,-1.193225463,1.193225463,Small Change (0-5%),No Change,0.5,0.37647058823864754
000:04:20.064000,19.8.csv,Audio File 19.mp3,0.851570575,-0.065654069,Blue,Audio File 19,135.9991776,0.0,135.9991776,0.0,0.0,0.0,260.064,0.0,0,0,0.0,0,0,0.820459817,0.820459817,Small Change (0-5%),No Change,0.5,0.37647058823864754
000:04:20.113000,19.7.csv,Audio File 19.mp3,0.93625762,0.100654448,Green,Audio File 19,135.9991776,0.0,135.9991776,0.0,0.0,0.0,260.113,0.0,0,0,0.0,0,0,0.166308517,0.166308517,Small Change (0-5%),No Change,0.5,0.37647058823864754
000:04:20.227000,19.11.csv,Audio File 19.mp3,0.972866419,-0.345582988,Blue,Audio File 19,135.9991776,0.0,135.9991776,0.0,0.0,0.0,260.227,0.0,0,0,0.0,0,0,-0.446237436,0.446237436,Small Change (0-5%),No Change,0.5,0.37647058823864754
000:04:20.297000,19.12.csv,Audio File 19.mp3,0.739961759,0.099870474,Green,Audio File 19,135.9991776,0.0,135.9991776,0.0,0.0,0.0,260.297,0.0,0,0,0.0,0,0,0.445453463,0.445453463,Small Change (0-5%),No Change,0.5,0.37647058823864754
000:04:20.516000,19.8.csv,Audio File 19.mp3,0.851570575,-0.162270256,Blue,Audio File 19,123.046875,7.478015411,131.6817434,-0.095238095,0.018929517,-59.14293439,260.516,-12.95230263,12.95230263,-270.0590611,-9.523809524,9.523809524,9.523809524,-0.26214073,0.26214073,Moderate Change (5-15%),Decrease in Tempo ‚Üí Decrease in Arousal,0.3987946055772174,0.28598105909233307
000:04:20.628000,19.9.csv,Audio File 19.mp3,0.801050801,-0.928663929,Blue,Audio File 19,123.046875,7.478015411,127.3643092,0.0,0.038500713,0.0,260.628,0.0,0,528.0619142,0.0,0,0,-0.766393673,0.766393673,Small Change (0-5%),No Change,0.5,0.37647058823864754
000:04:20.628000,19.7.csv,Audio File 19.mp3,0.968878061,-0.066525311,Blue,Audio File 19,123.046875,0.0,123.046875,0.0,0.038500713,0.0,260.628,0.0,0,,0.0,0,0,0.862138617,0.862138617,Small Change (0-5%),No Change,0.5,0.37647058823864754
000:04:20.639000,19.2.csv,Audio File 19.mp3,0.633929065,0.367332485,Green,Audio File 19,123.046875,0.0,123.046875,0.0,0.019571196,0.0,260.639,0.0,0,,0.0,0,0,0.433857796,0.433857796,Small Change (0-5%),No Change,0.5,0.37647058823864754
000:04:20.698000,19.12.csv,Audio File 19.mp3,0.739961759,-0.016085857,Blue,Audio File 19,123.046875,0.0,123.046875,0.0,0.0,0.0,260.698,0.0,0,0,0.0,0,0,-0.383418342,0.383418342,Small Change (0-5%),No Change,0.5,0.37647058823864754
000:04:20.738000,19.3.csv,Audio File 19.mp3,0.266743591,0.355912306,Green,Audio File 19,123.046875,0.0,123.046875,0.0,0.0,0.0,260.738,0.0,0,0,0.0,0,0,0.371998163,0.371998163,Small Change (0-5%),No Change,0.5,0.37647058823864754
000:04:20.830000,19.8.csv,Audio File 19.mp3,0.851570575,-0.229676897,Blue,Audio File 19,123.046875,0.0,123.046875,0.0,0.0,0.0,260.83,0.0,0,0,0.0,0,0,-0.585589204,0.585589204,Small Change (0-5%),No Change,0.5,0.37647058823864754
000:04:20.977000,19.20.csv,Audio File 19.mp3,0.24154619,0.909826023,Green,Audio File 19,123.046875,0.0,123.046875,0.0,0.0,0.0,260.977,0.0,0,0,0.0,0,0,1.139502921,1.139502921,Small Change (0-5%),No Change,0.5,0.37647058823864754
000:04:21.011000,19.7.csv,Audio File 19.mp3,0.968878061,-0.150115191,Blue,Audio File 19,123.046875,0.0,123.046875,0.0,0.0,0.0,261.011,0.0,0,0,0.0,0,0,-1.059941214,1.059941214,Small Change (0-5%),No Change,0.5,0.37647058823864754
000:04:21.155000,19.3.csv,Audio File 19.mp3,0.266743591,0.235508955,Green,Audio File 19,123.046875,0.0,123.046875,0.0,0.0,0.0,261.155,0.0,0,0,0.0,0,0,0.385624146,0.385624146,Small Change (0-5%),No Change,0.5,0.37647058823864754
000:04:21.204000,19.2.csv,Audio File 19.mp3,0.729098655,0.272162895,Green,Audio File 19,123.046875,0.0,123.046875,0.0,0.0,0.0,261.204,0.0,0,0,0.0,0,0,0.03665394,0.03665394,Small Change (0-5%),No Change,0.5,0.37647058823864754
000:04:21.266000,19.8.csv,Audio File 19.mp3,0.856064351,-0.274614659,Blue,Audio File 19,123.046875,0.0,123.046875,0.0,0.0,0.0,261.266,0.0,0,0,0.0,0,0,-0.546777554,0.546777554,Small Change (0-5%),No Change,0.5,0.37647058823864754
000:04:21.344000,19.7.csv,Audio File 19.mp3,0.968878061,-0.260209179,Blue,Audio File 19,123.046875,0.0,123.046875,0.0,0.0,0.0,261.344,0.0,0,0,0.0,0,0,0.01440548,0.01440548,Small Change (0-5%),No Change,0.5,0.37647058823864754
000:04:21.469000,19.3.csv,Audio File 19.mp3,0.266743591,-0.03138514,Blue,Audio File 19,123.046875,0.0,123.046875,0.0,0.0,0.0,261.469,0.0,0,0,0.0,0,0,0.228824038,0.228824038,Small Change (0-5%),No Change,0.5,0.37647058823864754
000:04:21.498000,19.12.csv,Audio File 19.mp3,0.759699007,-0.159180904,Blue,Audio File 19,123.046875,0.0,123.046875,0.0,0.0,0.0,261.498,0.0,0,0,0.0,0,0,-0.127795764,0.127795764,Small Change (0-5%),No Change,0.5,0.37647058823864754
000:04:21.512000,19.16.csv,Audio File 19.mp3,0.171865518,0.869887122,Green,Audio File 19,135.9991776,7.478015411,127.3643092,0.105263158,0.019571196,925.1644737,261.512,12.95230263,12.95230263,66083.17669,10.52631579,10.52631579,10.52631579,1.029068026,1.029068026,Moderate Change (5-15%),Increase in Tempo ‚Üí Increase in Arousal,0.6012053944227826,0.47648533098231133
000:04:21.563000,19.8.csv,Audio File 19.mp3,0.858311239,-0.357749517,Blue,Audio File 19,135.9991776,7.478015411,131.6817434,0.0,0.038500713,0.0,261.563,0.0,0,-18140.47988,0.0,0,0,-1.227636639,1.227636639,Small Change (0-5%),No Change,0.5,0.37647058823864754
000:04:21.879000,19.7.csv,Audio File 19.mp3,0.956645395,-0.40903994,Blue,Audio File 19,135.9991776,0.0,135.9991776,0.0,0.038500713,0.0,261.879,0.0,0,0,0.0,0,0,-0.051290423,0.051290423,Small Change (0-5%),No Change,0.5,0.37647058823864754
000:04:21.998000,19.12.csv,Audio File 19.mp3,0.759699007,-0.287473015,Blue,Audio File 19,135.9991776,0.0,135.9991776,0.0,0.018929517,0.0,261.998,0.0,0,0,0.0,0,0,0.121566924,0.121566924,Small Change (0-5%),No Change,0.5,0.37647058823864754
000:04:22.006000,19.3.csv,Audio File 19.mp3,0.278783926,-0.133727989,Blue,Audio File 19,135.9991776,0.0,135.9991776,0.0,0.0,0.0,262.006,0.0,0,0,0.0,0,0,0.153745027,0.153745027,Small Change (0-5%),No Change,0.5,0.37647058823864754
000:04:22.216000,19.8.csv,Audio File 19.mp3,0.927964769,-0.598166539,Blue,Audio File 19,135.9991776,0.0,135.9991776,0.0,0.0,0.0,262.216,0.0,0,0,0.0,0,0,-0.464438551,0.464438551,Small Change (0-5%),No Change,0.5,0.37647058823864754
000:04:22.422000,19.3.csv,Audio File 19.mp3,0.308884764,-0.288245623,Blue,Audio File 19,135.9991776,0.0,135.9991776,0.0,0.0,0.0,262.422,0.0,0,0,0.0,0,0,0.309920917,0.309920917,Small Change (0-5%),No Change,0.5,0.37647058823864754
000:04:22.548000,19.12.csv,Audio File 19.mp3,0.791772035,-0.413297971,Blue,Audio File 19,135.9991776,0.0,135.9991776,0.0,0.0,0.0,262.548,0.0,0,0,0.0,0,0,-0.125052348,0.125052348,Small Change (0-5%),No Change,0.5,0.37647058823864754
000:04:22.977000,19.6.csv,Audio File 19.mp3,0.88659521,0.137753077,Green,Audio File 19,135.9991776,0.0,135.9991776,0.0,0.0,0.0,262.977,0.0,0,0,0.0,0,0,0.551051047,0.551051047,Small Change (0-5%),No Change,0.5,0.37647058823864754
000:04:23.004000,19.3.csv,Audio File 19.mp3,0.308884764,-0.563166608,Blue,Audio File 19,135.9991776,0.0,135.9991776,0.0,0.0,0.0,263.004,0.0,0,0,0.0,0,0,-0.700919685,0.700919685,Small Change (0-5%),No Change,0.5,0.37647058823864754
000:04:23.082000,19.12.csv,Audio File 19.mp3,0.878122494,-0.58599889,Blue,Audio File 19,135.9991776,0.0,135.9991776,0.0,0.0,0.0,263.082,0.0,0,0,0.0,0,0,-0.022832282,0.022832282,Small Change (0-5%),No Change,0.5,0.37647058823864754
000:04:23.391000,19.6.csv,Audio File 19.mp3,0.88659521,0.060246886,Green,Audio File 19,135.9991776,0.0,135.9991776,0.0,0.0,0.0,263.391,0.0,0,0,0.0,0,0,0.646245775,0.646245775,Small Change (0-5%),No Change,0.5,0.37647058823864754
000:04:23.614000,19.17.csv,Audio File 19.mp3,0.198780811,0.227670289,Green,Audio File 19,139.6748311,2.122139509,137.2243954,0.027027027,0.005154913,16.48275089,263.614,3.67565345,3.67565345,73.91368114,2.702702703,2.702702703,2.702702703,0.167423403,0.167423403,Small Change (0-5%),Increase in Tempo ‚Üí Increase in Arousal,0.5287204497760188,0.4021500492149128
000:04:24.006000,19.17.csv,Audio File 19.mp3,0.328650941,0.129605089,Green,Audio File 19,139.6748311,2.122139509,138.4496133,0.0,0.010264208,0.0,264.006,0.0,0,-42.04783391,0.0,0,0,-0.0980652,0.0980652,Small Change (0-5%),No Change,0.5,0.37647058823864754
000:04:24.322000,19.17.csv,Audio File 19.mp3,0.328650941,-0.214948317,Blue,Audio File 19,139.6748311,0.0,139.6748311,0.0,0.010264208,0.0,264.322,0.0,0,0,0.0,0,0,-0.344553406,0.344553406,Small Change (0-5%),No Change,0.5,0.37647058823864754
000:04:24.755000,19.17.csv,Audio File 19.mp3,0.373707925,-0.620461171,Blue,Audio File 19,172.265625,18.81630364,150.5384291,0.233333333,0.046773747,75.26742245,264.755,32.59079392,32.59079392,173.8277655,23.33333333,23.33333333,23.33333333,-0.405512854,0.405512854,Large Change (>15%),Increase in Tempo ‚Üí Decrease in Arousal,0.7546546546546546,0.5981699346110126
000:04:25.139000,19.17.csv,Audio File 19.mp3,0.463821892,-0.766233766,Blue,Audio File 19,172.265625,18.81630364,161.402027,0.0,0.080524567,0.0,265.139,0.0,0,-196.0089126,0.0,0,0,-0.145772595,0.145772595,Small Change (0-5%),No Change,0.5,0.37647058823864754
