Duration (hh:mm:ss.ms),Trial ID,Song_x,Valence,Arousal,Quadrant Color,Song_y,Tempo (bpm),Tempo Std Dev,Mean BPM,Coefficient of Variation,Rolling Coefficient of Variation,Instantaneous Rate of Tempo Change,Timestamp,Rate_of_Tempo_Change,ABSOLUTE RATE CHANGE,Tempo_Acceleration,Tempo_Change_Percentage,ABSOLUTE CHANGE PERCENTAGE,abs tempo change percentage,Arousal_Change,ABSOLUTE AROUSAL CHANGE,Tempo_Change_Category,Arousal_Response_Category
000:00:01.315000,16.6.csv,Audio File 16.mp3,0.264655286,-0.644870413,Blue,Audio File 16,130.8139535,0,0,0,0,0,1.315,No Change,No Change,No Change,No Change,No Change,No Change,No Change,No Change,No Change,No Change
000:00:01.439000,16.12.csv,Audio File 16.mp3,0.201609447,-0.769234066,Blue,Audio File 16,130.8139535,0,0,0,0,0,1.439,4.765935196,4.765935196,,0,0,0,-0.124363653,0.124363653,Small Change (0-5%),No Change
000:00:01.597000,16.2.csv,Audio File 16.mp3,0.250953377,-0.712809518,Blue,Audio File 16,137.195122,3.68416933,132.9410096,0.048780488,0,40.38714217,1.597,6.381168463,6.381168463,255.6148239,4.87804878,4.87804878,4.87804878,0.056424548,0.056424548,Small Change (0-5%),Increase in Tempo ‚Üí Increase in Arousal
000:00:01.637000,16.3.csv,Audio File 16.mp3,0.283255839,-0.820747154,Blue,Audio File 16,137.195122,3.68416933,135.0680658,0,0,0,1.637,0,0,-1009.678554,0,0,0,-0.107937636,0.107937636,Small Change (0-5%),No Change
000:00:01.702000,16.1.csv,Audio File 16.mp3,0.258335592,-0.687926267,Blue,Audio File 16,137.195122,0,137.195122,0,0.018329735,0,1.702,0,0,0,0,0,0,0.132820887,0.132820887,Small Change (0-5%),No Change
000:00:01.806000,16.5.csv,Audio File 16.mp3,0.319354839,-0.72083871,Blue,Audio File 16,137.195122,0,137.195122,0,0.00909213,0,1.806,0,0,0,0,0,0,-0.032912442,0.032912442,Small Change (0-5%),No Change
000:00:02.517000,16.7.csv,Audio File 16.mp3,0.27327776,-0.744214263,Blue,Audio File 16,140.625,1.980241015,138.3384146,0.025,0.00477149,4.824019759,2.517,3.429878049,3.429878049,6.784837917,2.5,2.5,2.5,-0.023375554,0.023375554,Small Change (0-5%),Increase in Tempo ‚Üí Decrease in Arousal
000:00:02.718000,16.4.csv,Audio File 16.mp3,-0.006451613,0.001741935,Yellow,Audio File 16,140.625,1.980241015,139.4817073,0,0.009503869,0,2.718,0,0,-24.0000983,0,0,0,0.745956199,0.745956199,Small Change (0-5%),No Change
000:00:03.136000,16.20.csv,Audio File 16.mp3,0.383116883,-0.743506494,Blue,Audio File 16,140.625,0,140.625,0,0.009503869,0,3.136,0,0,0,0,0,0,-0.745248429,0.745248429,Small Change (0-5%),No Change
000:00:03.398000,16.19.csv,Audio File 16.mp3,0.337662338,-0.720779221,Blue,Audio File 16,140.625,0,140.625,0,0.004732379,0,3.398,0,0,0,0,0,0,0.022727273,0.022727273,Small Change (0-5%),No Change
000:00:04.432000,16.8.csv,Audio File 16.mp3,0.214600215,-0.721463721,Blue,Audio File 16,140.625,0,140.625,0,0,0,4.432,0,0,0,0,0,0,-0.000684501,0.000684501,Small Change (0-5%),No Change
000:00:04.448000,16.15.csv,Audio File 16.mp3,0.071561092,-0.604558707,Blue,Audio File 16,140.625,0,140.625,0,0,0,4.448,0,0,0,0,0,0,0.116905015,0.116905015,Small Change (0-5%),No Change
000:00:04.516000,16.10.csv,Audio File 16.mp3,0.239850779,-0.820035111,Blue,Audio File 16,152.027027,6.582963373,144.4256757,0.081081081,0.015193428,167.676868,4.516,11.40202703,11.40202703,2465.836295,8.108108108,8.108108108,8.108108108,-0.215476404,0.215476404,Moderate Change (5-15%),Increase in Tempo ‚Üí Decrease in Arousal
000:00:04.617000,16.9.csv,Audio File 16.mp3,0.209415584,-0.761595547,Blue,Audio File 16,152.027027,6.582963373,148.2263514,0,0.029997281,0,4.617,0,0,-1660.16701,0,0,0,0.058439564,0.058439564,Small Change (0-5%),No Change
000:00:04.637000,16.11.csv,Audio File 16.mp3,0.300136494,-0.797948574,Blue,Audio File 16,152.027027,0,152.027027,0,0.029997281,0,4.637,0,0,0,0,0,0,-0.036353027,0.036353027,Small Change (0-5%),No Change
000:00:04.709000,16.17.csv,Audio File 16.mp3,0.298701299,-0.821428571,Blue,Audio File 16,152.027027,0,152.027027,0,0.014803853,0,4.709,0,0,0,0,0,0,-0.023479998,0.023479998,Small Change (0-5%),No Change
000:00:04.887000,16.3.csv,Audio File 16.mp3,0.322448471,-0.720984091,Blue,Audio File 16,152.027027,0,152.027027,0,0,0,4.887,0,0,0,0,0,0,0.10044448,0.10044448,Small Change (0-5%),No Change
000:00:04.934000,16.16.csv,Audio File 16.mp3,0.312126125,-0.804494885,Blue,Audio File 16,152.027027,0,152.027027,0,0,0,4.934,0,0,0,0,0,0,-0.083510793,0.083510793,Small Change (0-5%),No Change
000:00:05.165000,16.15.csv,Audio File 16.mp3,0.137821362,-0.175192155,Blue,Audio File 16,152.027027,0,152.027027,0,0,0,5.165,0,0,0,0,0,0,0.62930273,0.62930273,Small Change (0-5%),No Change
000:00:05.490000,16.18.csv,Audio File 16.mp3,0.373376623,-0.827922078,Blue,Audio File 16,152.027027,0,152.027027,0,0,0,5.49,0,0,0,0,0,0,-0.652729923,0.652729923,Small Change (0-5%),No Change
000:00:05.660000,16.4.csv,Audio File 16.mp3,0.196774194,-0.672451613,Blue,Audio File 16,130.8139535,12.24737372,144.9560025,-0.139534884,0.028163428,-124.7827855,5.66,-21.21307354,21.21307354,-734.0163854,-13.95348837,13.95348837,13.95348837,0.155470465,0.155470465,Moderate Change (5-15%),Decrease in Tempo ‚Üí Increase in Arousal
000:00:05.936000,16.13.csv,Audio File 16.mp3,0.292823206,-0.784396099,Blue,Audio File 16,130.8139535,12.24737372,137.884978,0,0.057771134,0,5.936,0,0,452.1115417,0,0,0,-0.111944486,0.111944486,Small Change (0-5%),No Change
000:00:08.236000,16.4.csv,Audio File 16.mp3,0.24516129,-0.791806452,Blue,Audio File 16,119.6808511,6.427699682,127.1029193,-0.085106383,0.074628076,-4.840479315,8.236,-11.13310242,11.13310242,-2.104556224,-8.510638298,8.510638298,8.510638298,-0.007410353,0.007410353,Moderate Change (5-15%),Decrease in Tempo ‚Üí Decrease in Arousal
000:00:08.776000,16.4.csv,Audio File 16.mp3,0.416129032,-0.646645161,Blue,Audio File 16,127.8409091,5.764424076,126.1119045,0.068181818,0.061700916,15.11121857,8.776,8.160058027,8.160058027,36.94758867,6.818181818,6.818181818,6.818181818,0.14516129,0.14516129,Moderate Change (5-15%),Increase in Tempo ‚Üí Increase in Arousal
000:00:10.652000,16.8.csv,Audio File 16.mp3,0.185000185,-0.517963518,Blue,Audio File 16,130.8139535,5.764424076,126.1119045,0.023255814,0.047329477,1.584778463,10.652,2.973044397,2.973044397,-7.21025592,2.325581395,2.325581395,2.325581395,0.128681643,0.128681643,Small Change (0-5%),Increase in Tempo ‚Üí Increase in Arousal
000:00:10.880000,16.5.csv,Audio File 16.mp3,0.287096774,-0.475677419,Blue,Audio File 16,130.8139535,1.716487983,129.8229387,0,0.034879789,0,10.88,0,0,-6.950782735,0,0,0,0.042286099,0.042286099,Small Change (0-5%),No Change
000:00:11.065000,16.8.csv,Audio File 16.mp3,0.194250194,-0.294113294,Blue,Audio File 16,130.8139535,0,130.8139535,0,0.019643521,0,11.065,0,0,0,0,0,0,0.181564125,0.181564125,Small Change (0-5%),No Change
000:00:11.188000,16.4.csv,Audio File 16.mp3,0.312903226,-0.42083871,Blue,Audio File 16,130.8139535,0,130.8139535,0,0.004407254,0,11.188,0,0,0,0,0,0,-0.126725416,0.126725416,Small Change (0-5%),No Change
000:00:13.113000,16.8.csv,Audio File 16.mp3,0.022200022,-0.066563067,Blue,Audio File 16,133.9285714,1.798225506,131.8521595,0.023809524,0.004546065,1.617983346,13.113,3.11461794,3.11461794,0.840510829,2.380952381,2.380952381,2.380952381,0.354275643,0.354275643,Small Change (0-5%),Increase in Tempo ‚Üí Increase in Arousal
000:00:13.222000,16.13.csv,Audio File 16.mp3,0.255313828,-0.361790448,Blue,Audio File 16,133.9285714,1.798225506,132.8903654,0,0.009056614,0,13.222,0,0,-14.8438839,0,0,0,-0.295227381,0.295227381,Small Change (0-5%),No Change
000:00:14.038000,16.13.csv,Audio File 16.mp3,0.252813203,-0.021705426,Blue,Audio File 16,148.0263158,8.139336502,138.6278195,0.105263158,0.02862781,17.2766475,14.038,14.09774436,14.09774436,21.17236213,10.52631579,10.52631579,10.52631579,0.340085021,0.340085021,Moderate Change (5-15%),Increase in Tempo ‚Üí Increase in Arousal
000:00:14.445000,16.4.csv,Audio File 16.mp3,0.558064516,-0.175677419,Blue,Audio File 16,148.0263158,8.139336502,143.3270677,0,0.043011262,0,14.445,0,0,-42.44876536,0,0,0,-0.153971993,0.153971993,Small Change (0-5%),No Change
000:00:14.729000,16.2.csv,Audio File 16.mp3,0.301917298,-0.508953834,Blue,Audio File 16,152.027027,2.30981171,149.3598862,0.027027027,0.043655626,14.0870114,14.729,4.000711238,4.000711238,49.60215282,2.702702703,2.702702703,2.702702703,-0.333276414,0.333276414,Small Change (0-5%),Increase in Tempo ‚Üí Decrease in Arousal
000:00:15.814000,16.9.csv,Audio File 16.mp3,0.174628942,-0.365027829,Blue,Audio File 16,127.8409091,12.96421122,142.6314173,-0.159090909,0.054382129,-22.29135294,15.814,-24.18611794,24.18611794,-33.52844639,-15.90909091,15.90909091,15.90909091,0.143926004,0.143926004,Large Change (>15%),Decrease in Tempo ‚Üí Increase in Arousal
000:00:16.448000,16.4.csv,Audio File 16.mp3,0.693548387,0.072709677,Green,Audio File 16,127.8409091,13.9638617,135.9029484,0,0.069702204,0,16.448,0,0,35.15986268,0,0,0,0.437737507,0.437737507,Small Change (0-5%),No Change
000:00:16.748000,16.8.csv,Audio File 16.mp3,0.055500056,0.040737041,Green,Audio File 16,119.6808511,4.711211699,125.1208897,-0.063829787,0.077098384,-27.20019342,16.748,-8.160058027,8.160058027,-90.66731141,-6.382978723,6.382978723,6.382978723,-0.031972637,0.031972637,Moderate Change (5-15%),Decrease in Tempo ‚Üí Decrease in Arousal
000:00:17.539000,16.3.csv,Audio File 16.mp3,0.33313737,-0.569558014,Blue,Audio File 16,122.2826087,4.168340858,123.268123,0.02173913,0.058072431,3.289200546,17.539,2.601757632,2.601757632,38.54537796,2.173913043,2.173913043,2.173913043,-0.610295055,0.610295055,Small Change (0-5%),Increase in Tempo ‚Üí Decrease in Arousal
000:00:17.950000,16.9.csv,Audio File 16.mp3,0.156076067,-0.165584416,Blue,Audio File 16,122.2826087,1.502125469,121.4153562,0,0.027946769,0,17.95,0,0,-8.002921036,0,0,0,0.403973598,0.403973598,Small Change (0-5%),No Change
000:00:20.205000,16.3.csv,Audio File 16.mp3,0.413304117,-0.443072702,Blue,Audio File 16,144.2307692,12.67177639,129.5986622,0.179487179,0.04798803,9.733108885,20.205,21.94816054,21.94816054,4.316234539,17.94871795,17.94871795,17.94871795,-0.277488287,0.277488287,Large Change (>15%),Increase in Tempo ‚Üí Decrease in Arousal
000:00:23.341000,16.12.csv,Audio File 16.mp3,0.308763019,-0.604217565,Blue,Audio File 16,122.2826087,12.67177639,129.5986622,-0.152173913,0.069308638,-6.998775681,23.341,-21.94816054,21.94816054,-5.335422374,-15.2173913,15.2173913,15.2173913,-0.161144862,0.161144862,Large Change (>15%),Decrease in Tempo ‚Üí Decrease in Arousal
000:00:25.138000,16.3.csv,Audio File 16.mp3,0.495252347,-0.304117008,Blue,Audio File 16,165.4411765,21.58033479,143.9848515,0.352941176,0.115144442,24.01701045,25.138,43.15856777,43.15856777,17.25975856,35.29411765,35.29411765,35.29411765,0.300100557,0.300100557,Large Change (>15%),Increase in Tempo ‚Üí Increase in Arousal
000:00:26.754000,16.6.csv,Audio File 16.mp3,0.453694777,-0.580596987,Blue,Audio File 16,80.35714286,42.54350603,122.6936427,-0.514285714,0.198134024,-52.6510109,26.754,-85.08403361,85.08403361,-47.44308252,-51.42857143,51.42857143,51.42857143,-0.276479979,0.276479979,Large Change (>15%),Decrease in Tempo ‚Üí Decrease in Arousal
000:00:28.328000,16.17.csv,Audio File 16.mp3,0.337662338,-0.474025974,Blue,Audio File 16,133.9285714,43.01595636,126.5756303,0.666666667,0.278822971,34.0352151,28.328,53.57142857,53.57142857,55.07384117,66.66666667,66.66666667,66.66666667,0.106571013,0.106571013,Large Change (>15%),Increase in Tempo ‚Üí Increase in Arousal
000:00:28.721000,16.4.csv,Audio File 16.mp3,0.783870968,0.163032258,Green,Audio File 16,108.1730769,26.79231744,107.4862637,-0.192307692,0.311950807,-65.53560943,28.721,-25.75549451,25.75549451,-253.3608767,-19.23076923,19.23076923,19.23076923,0.637058232,0.637058232,Large Change (>15%),Decrease in Tempo ‚Üí Increase in Arousal
000:00:29.026000,16.17.csv,Audio File 16.mp3,0.334415584,-0.253246753,Blue,Audio File 16,108.1730769,14.86994169,116.7582418,0,0.238821097,0,29.026,0,0,214.8708506,0,0,0,-0.416279011,0.416279011,Small Change (0-5%),No Change
000:00:29.284000,16.14.csv,Audio File 16.mp3,0.190894089,-0.687797351,Blue,Audio File 16,108.1730769,0,108.1730769,0,0.125539796,0,29.284,0,0,0,0,0,0,-0.434550598,0.434550598,Small Change (0-5%),No Change
000:00:37.661000,16.19.csv,Audio File 16.mp3,0.324675325,-0.506493506,Blue,Audio File 16,156.25,27.75722448,124.1987179,0.444444444,0.116949035,5.739157583,37.661,48.07692308,48.07692308,0.685108939,44.44444444,44.44444444,44.44444444,0.181303845,0.181303845,Large Change (>15%),Increase in Tempo ‚Üí Increase in Arousal
000:00:40.999000,16.4.csv,Audio File 16.mp3,0.458064516,-0.149870968,Blue,Audio File 16,148.0263158,25.71413412,137.4831309,-0.052631579,0.136841753,-2.463656145,40.999,-8.223684211,8.223684211,-2.457403753,-5.263157895,5.263157895,5.263157895,0.356622539,0.356622539,Moderate Change (5-15%),Decrease in Tempo ‚Üí Increase in Arousal
000:00:42.450000,16.4.csv,Audio File 16.mp3,0.316129032,-0.672451613,Blue,Audio File 16,117.1875,20.59344737,140.4879386,-0.208333333,0.185703474,-21.25349124,42.45,-30.83881579,30.83881579,-12.94957622,-20.83333333,20.83333333,20.83333333,-0.522580645,0.522580645,Large Change (>15%),Decrease in Tempo ‚Üí Decrease in Arousal
000:00:43.836000,16.4.csv,Audio File 16.mp3,0.664516129,-0.649870968,Blue,Audio File 16,140.625,16.09931904,135.2796053,0.2,0.150875909,16.91017316,43.836,23.4375,23.4375,27.5351114,20,20,20,0.022580645,0.022580645,Large Change (>15%),Increase in Tempo ‚Üí Increase in Arousal
000:00:44.866000,16.4.csv,Audio File 16.mp3,0.848387097,-0.656322581,Blue,Audio File 16,137.195122,12.65823451,131.6692073,-0.024390244,0.12057651,-3.329978688,44.866,-3.429878049,3.429878049,-19.65063286,-2.43902439,2.43902439,2.43902439,-0.006451613,0.006451613,Small Change (0-5%),Decrease in Tempo ‚Üí Decrease in Arousal
000:00:48.005000,16.3.csv,Audio File 16.mp3,0.495252347,-0.15803538,Blue,Audio File 16,137.195122,1.980241015,138.3384146,0,0.076486279,0,48.005,0,0,1.060840614,0,0,0,0.4982872,0.4982872,Small Change (0-5%),No Change
000:00:49.438000,16.3.csv,Audio File 16.mp3,0.386581868,-0.113498299,Blue,Audio File 16,130.8139535,3.68416933,135.0680658,-0.046511628,0.045909165,-4.453013582,49.438,-6.381168463,6.381168463,-3.107476331,-4.651162791,4.651162791,4.651162791,0.044537082,0.044537082,Small Change (0-5%),Decrease in Tempo ‚Üí Increase in Arousal
000:00:49.903000,16.16.csv,Audio File 16.mp3,0.316598647,-0.49589087,Blue,Audio File 16,144.2307692,6.711067827,137.4132816,0.102564103,0.030143143,28.85336719,49.903,13.41681574,13.41681574,71.62662531,10.25641026,10.25641026,10.25641026,-0.382392572,0.382392572,Moderate Change (5-15%),Increase in Tempo ‚Üí Decrease in Arousal
000:00:52.166000,16.2.csv,Audio File 16.mp3,0.417904153,-0.378907966,Blue,Audio File 16,117.1875,13.52177004,130.7440742,-0.1875,0.059845542,-11.95018525,52.166,-27.04326923,27.04326923,-18.03073462,-18.75,18.75,18.75,0.116982904,0.116982904,Large Change (>15%),Decrease in Tempo ‚Üí Increase in Arousal
000:00:52.188000,16.3.csv,Audio File 16.mp3,0.359859619,-0.022642652,Blue,Audio File 16,117.1875,15.61343877,126.2019231,0,0.091992716,0,52.188,0,0,543.1902388,0,0,0,0.356265314,0.356265314,Small Change (0-5%),No Change
000:00:52.621000,16.3.csv,Audio File 16.mp3,0.368767035,0.130564908,Green,Audio File 16,140.625,13.53164693,125,0.2,0.111797586,54.12817552,52.621,23.4375,23.4375,125.0073338,20,20,20,0.153207561,0.153207561,Large Change (>15%),Increase in Tempo ‚Üí Increase in Arousal
000:00:52.948000,16.19.csv,Audio File 16.mp3,0.318181818,-0.301948052,Blue,Audio File 16,140.625,13.53164693,132.8125,0,0.111285477,0,52.948,0,0,-165.5295887,0,0,0,-0.43251296,0.43251296,Small Change (0-5%),No Change
000:00:54.068000,16.1.csv,Audio File 16.mp3,0.47736514,-0.57298997,Blue,Audio File 16,106.1320755,19.91449926,129.1273585,-0.245283019,0.121454073,-30.79725404,54.068,-34.49292453,34.49292453,-27.49754825,-24.52830189,24.52830189,24.52830189,-0.271041918,0.271041918,Large Change (>15%),Decrease in Tempo ‚Üí Decrease in Arousal
000:00:56.001000,16.4.csv,Audio File 16.mp3,0.280645161,-0.266,Blue,Audio File 16,127.8409091,17.43783377,124.8659949,0.204545455,0.131920476,11.23064336,56.001,21.70883362,21.70883362,21.7423163,20.45454545,20.45454545,20.45454545,0.30698997,0.30698997,Large Change (>15%),Increase in Tempo ‚Üí Increase in Arousal
000:00:56.785000,16.10.csv,Audio File 16.mp3,0.351766513,-0.635703314,Blue,Audio File 16,130.8139535,13.47409584,121.595646,0.023255814,0.134895587,3.792148466,56.785,2.973044397,2.973044397,-9.487876143,2.325581395,2.325581395,2.325581395,-0.369703314,0.369703314,Small Change (0-5%),Increase in Tempo ‚Üí Decrease in Arousal
000:00:57.736000,16.4.csv,Audio File 16.mp3,0.403225806,-0.098258065,Blue,Audio File 16,125,2.90722699,127.8849542,-0.044444444,0.091065401,-6.113515761,57.736,-5.813953488,5.813953488,-10.41605071,-4.444444444,4.444444444,4.444444444,0.537445249,0.537445249,Small Change (0-5%),Decrease in Tempo ‚Üí Increase in Arousal
000:00:58.019000,16.14.csv,Audio File 16.mp3,0.227326304,-0.458488706,Blue,Audio File 16,125,3.356687612,126.9379845,0,0.053329115,0,58.019,0,0,21.60252919,0,0,0,-0.360230641,0.360230641,Small Change (0-5%),No Change
000:00:58.178000,16.4.csv,Audio File 16.mp3,0.467741935,-0.004709677,Blue,Audio File 16,125,0,125,0,0.016392222,0,58.178,0,0,0,0,0,0,0.453779029,0.453779029,Small Change (0-5%),No Change
000:01:00.803000,16.4.csv,Audio File 16.mp3,0.551612903,0.069483871,Green,Audio File 16,117.1875,4.510548978,122.3958333,-0.0625,0.021098556,-2.976190476,60.803,-7.8125,7.8125,-1.133786848,-6.25,6.25,6.25,0.074193548,0.074193548,Moderate Change (5-15%),Decrease in Tempo ‚Üí Increase in Arousal
000:01:05.532000,16.4.csv,Audio File 16.mp3,0.751612903,-0.259548387,Blue,Audio File 16,133.9285714,8.376733816,125.3720238,0.142857143,0.03455572,3.540087001,65.532,16.74107143,16.74107143,1.377939835,14.28571429,14.28571429,14.28571429,-0.329032258,0.329032258,Moderate Change (5-15%),Increase in Tempo ‚Üí Decrease in Arousal
000:01:07.451000,16.4.csv,Audio File 16.mp3,0.809677419,0.050129032,Green,Audio File 16,137.195122,10.73342723,129.4370645,0.024390244,0.062197023,1.702214968,67.451,3.266550523,3.266550523,-0.957723832,2.43902439,2.43902439,2.43902439,0.309677419,0.309677419,Small Change (0-5%),Increase in Tempo ‚Üí Increase in Arousal
000:01:07.687000,16.3.csv,Audio File 16.mp3,0.472093065,0.233890938,Green,Audio File 16,140.625,3.348546236,137.2495645,0.025,0.058045475,14.53338156,67.687,3.429878049,3.429878049,54.36934998,2.5,2.5,2.5,0.183761905,0.183761905,Small Change (0-5%),Increase in Tempo ‚Üí Increase in Arousal
000:01:07.897000,16.5.csv,Audio File 16.mp3,0.3,-0.195032258,Blue,Audio File 16,140.625,1.980241015,139.4817073,0,0.040506182,0,67.897,0,0,-69.20657887,0,0,0,-0.428923196,0.428923196,Small Change (0-5%),No Change
000:01:08.365000,16.16.csv,Audio File 16.mp3,0.287527254,-0.261083468,Blue,Audio File 16,140.625,0,140.625,0,0.012864879,0,68.365,0,0,0,0,0,0,-0.06605121,0.06605121,Small Change (0-5%),No Change
000:01:08.436000,16.9.csv,Audio File 16.mp3,0.09809833,0.205473098,Green,Audio File 16,140.625,0,140.625,0,0.004732379,0,68.436,0,0,0,0,0,0,0.466556567,0.466556567,Small Change (0-5%),No Change
000:01:08.521000,16.5.csv,Audio File 16.mp3,0.325806452,-0.033741935,Blue,Audio File 16,170.4545455,17.2220961,150.5681818,0.212121212,0.038126905,350.9358289,68.521,29.82954545,29.82954545,4128.65681,21.21212121,21.21212121,21.21212121,-0.239215034,0.239215034,Large Change (>15%),Increase in Tempo ‚Üí Decrease in Arousal
000:01:08.921000,16.3.csv,Audio File 16.mp3,0.49703383,0.303368785,Green,Audio File 16,170.4545455,17.2220961,160.5113636,0,0.073891965,0,68.921,0,0,-877.3395722,0,0,0,0.33711072,0.33711072,Small Change (0-5%),No Change
000:01:09.215000,16.16.csv,Audio File 16.mp3,0.269637167,0.031866719,Green,Audio File 16,170.4545455,0,170.4545455,0,0.073891965,0,69.215,0,0,0,0,0,0,-0.271502066,0.271502066,Small Change (0-5%),No Change
000:01:09.219000,16.8.csv,Audio File 16.mp3,0.135050135,0.14988715,Green,Audio File 16,170.4545455,0,170.4545455,0,0.035765061,0,69.219,0,0,0,0,0,0,0.118020431,0.118020431,Small Change (0-5%),No Change
000:01:09.360000,16.5.csv,Audio File 16.mp3,0.322580645,0.053354839,Green,Audio File 16,170.4545455,0,170.4545455,0,0,0,69.36,0,0,0,0,0,0,-0.096532311,0.096532311,Small Change (0-5%),No Change
000:01:09.371000,16.3.csv,Audio File 16.mp3,0.443589332,0.438761513,Green,Audio File 16,170.4545455,0,170.4545455,0,0,0,69.371,0,0,0,0,0,0,0.385406674,0.385406674,Small Change (0-5%),No Change
000:01:09.423000,16.15.csv,Audio File 16.mp3,0.222634508,0.142857143,Green,Audio File 16,170.4545455,0,170.4545455,0,0,0,69.423,0,0,0,0,0,0,-0.29590437,0.29590437,Small Change (0-5%),No Change
000:01:09.580000,16.8.csv,Audio File 16.mp3,0.135050135,0.327487327,Green,Audio File 16,144.2307692,15.14030426,161.7132867,-0.153846154,0.031208123,-167.0304218,69.58,-26.22377622,26.22377622,-1063.888037,-15.38461538,15.38461538,15.38461538,0.184630185,0.184630185,Large Change (>15%),Decrease in Tempo ‚Üí Increase in Arousal
000:01:09.911000,16.18.csv,Audio File 16.mp3,0.373376623,-0.600649351,Blue,Audio File 16,144.2307692,15.14030426,152.972028,0,0.064199567,0,69.911,0,0,504.6236308,0,0,0,-0.928136678,0.928136678,Small Change (0-5%),No Change
000:01:10.371000,16.3.csv,Audio File 16.mp3,0.459622682,0.536743092,Green,Audio File 16,144.2307692,0,144.2307692,0,0.064199567,0,70.371,0,0,0,0,0,0,1.137392443,1.137392443,Small Change (0-5%),No Change
000:01:10.481000,16.8.csv,Audio File 16.mp3,0.131350131,0.432937433,Green,Audio File 16,144.2307692,0,144.2307692,0,0.032991444,0,70.481,0,0,0,0,0,0,-0.103805659,0.103805659,Small Change (0-5%),No Change
000:01:10.723000,16.11.csv,Audio File 16.mp3,0.288536181,-0.456979208,Blue,Audio File 16,137.195122,4.062032851,141.8855535,-0.048780488,0.00954298,-29.07292264,70.723,-7.03564728,7.03564728,-120.136044,-4.87804878,4.87804878,4.87804878,-0.889916641,0.889916641,Small Change (0-5%),Decrease in Tempo ‚Üí Decrease in Arousal
000:01:10.841000,16.4.csv,Audio File 16.mp3,0.787096774,0.275935484,Green,Audio File 16,137.195122,4.062032851,139.5403377,0,0.019246346,0,70.841,0,0,246.3807004,0,0,0,0.732914692,0.732914692,Small Change (0-5%),No Change
000:01:11.123000,16.4.csv,Audio File 16.mp3,0.848387097,0.317870968,Green,Audio File 16,137.195122,0,137.195122,0,0.019246346,0,71.123,0,0,0,0,0,0,0.041935484,0.041935484,Small Change (0-5%),No Change
000:01:11.454000,16.11.csv,Audio File 16.mp3,0.284340054,-0.268153494,Blue,Audio File 16,137.195122,0,137.195122,0,0.009703366,0,71.454,0,0,0,0,0,0,-0.586024462,0.586024462,Small Change (0-5%),No Change
000:01:11.636000,16.4.csv,Audio File 16.mp3,0.874193548,0.392064516,Green,Audio File 16,187.5,29.04353488,153.9634146,0.366666667,0.062879732,276.4004288,71.636,50.30487805,50.30487805,1518.683675,36.66666667,36.66666667,36.66666667,0.66021801,0.66021801,Large Change (>15%),Increase in Tempo ‚Üí Increase in Arousal
000:01:12.193000,16.4.csv,Audio File 16.mp3,0.903225806,0.446903226,Green,Audio File 16,187.5,29.04353488,170.7317073,0,0.119583777,0,72.193,0,0,-496.2305724,0,0,0,0.05483871,0.05483871,Small Change (0-5%),No Change
000:01:12.405000,16.11.csv,Audio File 16.mp3,0.309516816,-0.127583241,Blue,Audio File 16,187.5,0,187.5,0,0.119583777,0,72.405,0,0,0,0,0,0,-0.574486466,0.574486466,Small Change (0-5%),No Change
000:01:12.577000,16.4.csv,Audio File 16.mp3,0.941935484,0.537225806,Green,Audio File 16,165.4411765,12.7356677,180.1470588,-0.117647059,0.080269361,-128.248974,72.577,-22.05882353,22.05882353,-745.6335698,-11.76470588,11.76470588,11.76470588,0.664809047,0.664809047,Moderate Change (5-15%),Decrease in Tempo ‚Üí Increase in Arousal
000:01:13.271000,16.4.csv,Audio File 16.mp3,0.94516129,0.627548387,Green,Audio File 16,165.4411765,12.7356677,172.7941176,0,0.048133414,0,73.271,0,0,184.7967925,0,0,0,0.090322581,0.090322581,Small Change (0-5%),No Change
000:01:13.320000,16.11.csv,Audio File 16.mp3,0.31790907,0.05914441,Green,Audio File 16,165.4411765,0,165.4411765,0,0.048133414,0,73.32,0,0,0,0,0,0,-0.568403977,0.568403977,Small Change (0-5%),No Change
000:01:13.590000,16.12.csv,Audio File 16.mp3,0.328050662,-0.263469204,Blue,Audio File 16,133.9285714,18.193811,154.9369748,-0.19047619,0.063710488,-116.713352,73.59,-31.51260504,31.51260504,-432.2716741,-19.04761905,19.04761905,19.04761905,-0.322613614,0.322613614,Large Change (>15%),Decrease in Tempo ‚Üí Decrease in Arousal
000:01:13.967000,16.7.csv,Audio File 16.mp3,0.394609716,-0.353255741,Blue,Audio File 16,133.9285714,18.193811,144.4327731,0,0.081131502,0,73.967,0,0,309.5844881,0,0,0,-0.089786537,0.089786537,Small Change (0-5%),No Change
000:01:14.800000,16.7.csv,Audio File 16.mp3,0.468757022,0.026468341,Green,Audio File 16,165.4411765,18.193811,144.4327731,0.235294118,0.123120612,37.83025815,74.8,31.51260504,31.51260504,45.41447557,23.52941176,23.52941176,23.52941176,0.379724082,0.379724082,Large Change (>15%),Increase in Tempo ‚Üí Increase in Arousal
000:01:14.895000,16.20.csv,Audio File 16.mp3,0.152597403,0.152597403,Green,Audio File 16,165.4411765,18.193811,154.9369748,0,0.123120612,0,74.895,0,0,-398.2132437,0,0,0,0.126129061,0.126129061,Small Change (0-5%),No Change
000:01:15.122000,16.4.csv,Audio File 16.mp3,0.970967742,0.734,Green,Audio File 16,165.4411765,0,165.4411765,0,0.081131502,0,75.122,0,0,0,0,0,0,0.581402597,0.581402597,Small Change (0-5%),No Change
000:01:15.206000,16.15.csv,Audio File 16.mp3,0.241187384,0.410548635,Green,Audio File 16,165.4411765,0,165.4411765,0,0.039142391,0,75.206,0,0,0,0,0,0,-0.323451365,0.323451365,Small Change (0-5%),No Change
000:01:15.670000,16.20.csv,Audio File 16.mp3,0.185064935,0.279220779,Green,Audio File 16,133.9285714,18.193811,154.9369748,-0.19047619,0.039142391,-67.91509707,75.67,-31.51260504,31.51260504,-146.3687437,-19.04761905,19.04761905,19.04761905,-0.131327856,0.131327856,Large Change (>15%),Decrease in Tempo ‚Üí Decrease in Arousal
000:01:17.928000,16.19.csv,Audio File 16.mp3,0.292207792,-0.077922078,Blue,Audio File 16,152.027027,15.81422238,150.4655916,0.135135135,0.074176364,8.015259344,77.928,18.0984556,18.0984556,33.62726148,13.51351351,13.51351351,13.51351351,-0.357142857,0.357142857,Moderate Change (5-15%),Increase in Tempo ‚Üí Decrease in Arousal
000:01:18.016000,16.18.csv,Audio File 16.mp3,0.438311688,-0.451298701,Blue,Audio File 16,152.027027,10.44914821,145.9942085,0,0.098033813,0,78.016,0,0,-91.08249254,0,0,0,-0.373376623,0.373376623,Small Change (0-5%),No Change
000:01:18.167000,16.4.csv,Audio File 16.mp3,0.941935484,0.830774194,Green,Audio File 16,152.027027,0,152.027027,0,0.058891422,0,78.167,0,0,0,0,0,0,1.282072895,1.282072895,Small Change (0-5%),No Change
000:01:18.658000,16.19.csv,Audio File 16.mp3,0.321428571,0.126623377,Green,Audio File 16,144.2307692,4.501171537,149.4282744,-0.051282051,0.033898323,-15.87832545,78.658,-7.796257796,7.796257796,-32.33874837,-5.128205128,5.128205128,5.128205128,-0.704150817,0.704150817,Moderate Change (5-15%),Decrease in Tempo ‚Üí Decrease in Arousal
000:01:18.796000,16.18.csv,Audio File 16.mp3,0.409090909,-0.282467532,Blue,Audio File 16,144.2307692,4.501171537,146.8295218,0,0.020259463,0,78.796,0,0,115.0603294,0,0,0,-0.409090909,0.409090909,Small Change (0-5%),No Change
000:01:22.552000,16.14.csv,Audio File 16.mp3,0.360196734,-0.276327633,Blue,Audio File 16,125,11.10288979,137.8205128,-0.133333333,0.047112964,-5.120013107,82.552,-19.23076923,19.23076923,-1.363155779,-13.33333333,13.33333333,13.33333333,0.0061399,0.0061399,Moderate Change (5-15%),Decrease in Tempo ‚Üí Increase in Arousal
000:01:22.582000,16.7.csv,Audio File 16.mp3,0.223846223,0.49157417,Green,Audio File 16,125,11.10288979,131.4102564,0,0.065235517,0,82.582,0,0,170.6671036,0,0,0,0.767901803,0.767901803,Small Change (0-5%),No Change
000:01:22.767000,16.9.csv,Audio File 16.mp3,0.072588126,0.574211503,Green,Audio File 16,125,0,125,0,0.055016929,0,82.767,0,0,0,0,0,0,0.082637333,0.082637333,Small Change (0-5%),No Change
000:01:23.453000,16.2.csv,Audio File 16.mp3,0.516317242,-0.285767007,Blue,Audio File 16,125,0,125,0,0.028163428,0,83.453,0,0,0,0,0,0,-0.85997851,0.85997851,Small Change (0-5%),No Change
000:01:23.469000,16.1.csv,Audio File 16.mp3,0.436161561,-0.288902142,Blue,Audio File 16,125,0,125,0,0,0,83.469,0,0,0,0,0,0,-0.003135134,0.003135134,Small Change (0-5%),No Change
000:01:23.733000,16.14.csv,Audio File 16.mp3,0.360196734,-0.134884917,Blue,Audio File 16,181.4516129,32.59235391,143.8172043,0.451612903,0.075541157,213.8318671,83.733,56.4516129,56.4516129,809.9691934,45.16129032,45.16129032,45.16129032,0.154017224,0.154017224,Large Change (>15%),Increase in Tempo ‚Üí Increase in Arousal
000:01:24.164000,16.1.csv,Audio File 16.mp3,0.496882624,-0.078547032,Blue,Audio File 16,181.4516129,32.59235391,162.6344086,0,0.142342014,0,84.164,0,0,-496.1296219,0,0,0,0.056337885,0.056337885,Small Change (0-5%),No Change
000:01:24.580000,16.2.csv,Audio File 16.mp3,0.56376641,-0.175052282,Blue,Audio File 16,148.0263158,19.29810429,170.3098472,-0.184210526,0.180112593,-80.34927191,84.58,-33.42529711,33.42529711,-193.1472882,-18.42105263,18.42105263,18.42105263,-0.09650525,0.09650525,Large Change (>15%),Decrease in Tempo ‚Üí Decrease in Arousal
000:01:24.651000,16.4.csv,Audio File 16.mp3,0.935483871,0.950129032,Green,Audio File 16,148.0263158,19.29810429,159.1680815,0,0.144985955,0,84.651,0,0,1131.679886,0,0,0,1.125181314,1.125181314,Small Change (0-5%),No Change
000:01:24.832000,16.1.csv,Audio File 16.mp3,0.531580374,0.103616156,Green,Audio File 16,148.0263158,0,148.0263158,0,0.078185097,0,84.832,0,0,0,0,0,0,-0.846512876,0.846512876,Small Change (0-5%),No Change
000:01:24.950000,16.14.csv,Audio File 16.mp3,0.270187733,0.040846942,Green,Audio File 16,148.0263158,0,148.0263158,0,0.040414519,0,84.95,0,0,0,0,0,0,-0.062769214,0.062769214,Small Change (0-5%),No Change
000:01:25.114000,16.2.csv,Audio File 16.mp3,0.56376641,-0.020403142,Blue,Audio File 16,148.0263158,0,148.0263158,0,0,0,85.114,0,0,0,0,0,0,-0.061250084,0.061250084,Small Change (0-5%),No Change
000:01:25.613000,16.2.csv,Audio File 16.mp3,0.495228723,0.107885349,Green,Audio File 16,181.4516129,19.29810429,159.1680815,0.225806452,0.040414519,66.98456335,85.613,33.42529711,33.42529711,134.2376019,22.58064516,22.58064516,22.58064516,0.128288491,0.128288491,Large Change (>15%),Increase in Tempo ‚Üí Increase in Arousal
000:01:25.783000,16.14.csv,Audio File 16.mp3,0.210181732,0.225151087,Green,Audio File 16,181.4516129,19.29810429,170.3098472,0,0.078185097,0,85.783,0,0,-394.0268433,0,0,0,0.117265738,0.117265738,Small Change (0-5%),No Change
000:01:26.614000,16.2.csv,Audio File 16.mp3,0.472382827,0.259019735,Green,Audio File 16,130.8139535,29.23566629,164.5723931,-0.279069767,0.137400509,-60.93581157,86.614,-50.63765941,50.63765941,-73.3282931,-27.90697674,27.90697674,27.90697674,0.033868649,0.033868649,Large Change (>15%),Decrease in Tempo ‚Üí Increase in Arousal
000:01:26.751000,16.9.csv,Audio File 16.mp3,0.023886827,0.664656772,Green,Audio File 16,130.8139535,29.23566629,147.6931733,0,0.162968878,0,86.751,0,0,444.7869458,0,0,0,0.405637036,0.405637036,Small Change (0-5%),No Change
000:01:27.135000,16.6.csv,Audio File 16.mp3,0.436681223,-0.325393675,Blue,Audio File 16,130.8139535,0,130.8139535,0,0.1251983,0,87.135,0,0,0,0,0,0,-0.990050447,0.990050447,Small Change (0-5%),No Change
000:01:27.285000,16.9.csv,Audio File 16.mp3,0.026205937,0.766697588,Green,Audio File 16,130.8139535,0,130.8139535,0,0.065982888,0,87.285,0,0,0,0,0,0,1.092091263,1.092091263,Small Change (0-5%),No Change
000:01:27.565000,16.6.csv,Audio File 16.mp3,0.413996484,0.047014121,Green,Audio File 16,140.625,5.664410345,134.0843023,0.075,0.014081714,35.03945183,87.565,9.811046512,9.811046512,125.1408994,7.5,7.5,7.5,-0.719683467,0.719683467,Moderate Change (5-15%),Increase in Tempo ‚Üí Decrease in Arousal
000:01:28.015000,16.6.csv,Audio File 16.mp3,0.304353579,0.181232159,Green,Audio File 16,140.625,5.664410345,137.3546512,0,0.027828149,0,88.015,0,0,-77.8654485,0,0,0,0.134218038,0.134218038,Small Change (0-5%),No Change
000:01:28.532000,16.6.csv,Audio File 16.mp3,0.228737783,0.27008072,Green,Audio File 16,130.8139535,5.664410345,137.3546512,-0.069767442,0.041574584,-18.97687913,88.532,-9.811046512,9.811046512,-36.70576235,-6.976744186,6.976744186,6.976744186,0.08884856,0.08884856,Moderate Change (5-15%),Decrease in Tempo ‚Üí Increase in Arousal
000:01:33.321000,16.3.csv,Audio File 16.mp3,0.495252347,0.071775961,Green,Audio File 16,102.2727273,19.92383435,124.5705603,-0.218181818,0.080806254,-5.959746547,93.321,-28.54122622,28.54122622,2.718131674,-21.81818182,21.81818182,21.81818182,-0.198304759,0.198304759,Large Change (>15%),Decrease in Tempo ‚Üí Decrease in Arousal
000:01:33.698000,16.2.csv,Audio File 16.mp3,0.48116971,0.376763967,Green,Audio File 16,119.6808511,14.38512158,117.5891773,0.170212766,0.107837726,46.17539467,93.698,17.40812379,17.40812379,138.2894993,17.0212766,17.0212766,17.0212766,0.304988006,0.304988006,Large Change (>15%),Increase in Tempo ‚Üí Increase in Arousal
000:01:34.641000,16.4.csv,Audio File 16.mp3,0.832258065,-0.459548387,Blue,Audio File 16,130.8139535,14.38512158,117.5891773,0.093023256,0.134869198,11.80604711,94.641,11.13310242,11.13310242,-36.44681608,9.302325581,9.302325581,9.302325581,-0.836312354,0.836312354,Moderate Change (5-15%),Increase in Tempo ‚Üí Decrease in Arousal
000:01:35.520000,16.3.csv,Audio File 16.mp3,0.566511678,-0.079650117,Blue,Audio File 16,137.195122,8.863924688,129.2299755,0.048780488,0.104419252,7.259577318,95.52,6.381168463,6.381168463,-5.172320582,4.87804878,4.87804878,4.87804878,0.37989827,0.37989827,Small Change (0-5%),Increase in Tempo ‚Üí Increase in Arousal
000:01:36.237000,16.5.csv,Audio File 16.mp3,0.329032258,0.175935484,Green,Audio File 16,137.195122,3.68416933,135.0680658,0,0.072733475,0,96.237,0,0,-10.1249335,0,0,0,0.255585601,0.255585601,Small Change (0-5%),No Change
000:01:36.784000,16.18.csv,Audio File 16.mp3,0.37987013,-0.084415584,Blue,Audio File 16,175.78125,22.27771142,150.0571646,0.28125,0.081442734,70.54136755,96.784,38.58612805,38.58612805,128.9604526,28.125,28.125,28.125,-0.260351068,0.260351068,Large Change (>15%),Increase in Tempo ‚Üí Decrease in Arousal
000:01:36.925000,16.18.csv,Audio File 16.mp3,0.37987013,-0.084415584,Blue,Audio File 16,175.78125,22.27771142,162.9192073,0,0.104159581,0,96.925,0,0,-500.2933869,0,0,0,0,0,Small Change (0-5%),No Change
000:01:37.989000,16.12.csv,Audio File 16.mp3,0.323764519,0.107282157,Green,Audio File 16,122.2826087,30.88745496,157.9483696,-0.304347826,0.160252158,-50.28067792,97.989,-53.4986413,53.4986413,-47.25627624,-30.43478261,30.43478261,30.43478261,0.191697741,0.191697741,Large Change (>15%),Decrease in Tempo ‚Üí Increase in Arousal
000:01:38.200000,16.8.csv,Audio File 16.mp3,0.166500167,0.534687535,Green,Audio File 16,122.2826087,30.88745496,140.1154891,0,0.184245936,0,98.2,0,0,238.2970517,0,0,0,0.427405378,0.427405378,Small Change (0-5%),No Change
000:01:38.238000,16.18.csv,Audio File 16.mp3,0.428571429,0.11038961,Green,Audio File 16,122.2826087,0,122.2826087,0,0.138665651,0,98.238,0,0,0,0,0,0,-0.424297924,0.424297924,Small Change (0-5%),No Change
000:01:38.499000,16.5.csv,Audio File 16.mp3,0.316129032,0.385612903,Green,Audio File 16,122.2826087,0,122.2826087,0,0.073480943,0,98.499,0,0,0,0,0,0,0.275223293,0.275223293,Small Change (0-5%),No Change
000:01:38.681000,16.7.csv,Audio File 16.mp3,0.264290208,0.727497416,Green,Audio File 16,160.7142857,22.18853907,135.0931677,0.314285714,0.054748732,211.1630605,98.681,38.43167702,38.43167702,1160.236596,31.42857143,31.42857143,31.42857143,0.341884513,0.341884513,Large Change (>15%),Increase in Tempo ‚Üí Increase in Arousal
000:01:38.822000,16.4.csv,Audio File 16.mp3,0.809677419,-0.198258065,Blue,Audio File 16,160.7142857,22.18853907,147.9037267,0,0.104755449,0,98.822,0,0,-1497.610358,0,0,0,-0.925755481,0.925755481,Small Change (0-5%),No Change
000:01:38.938000,16.3.csv,Audio File 16.mp3,0.427555983,0.205387205,Green,Audio File 16,160.7142857,0,160.7142857,0,0.104755449,0,98.938,0,0,0,0,0,0,0.40364527,0.40364527,Small Change (0-5%),No Change
000:01:39.009000,16.19.csv,Audio File 16.mp3,0.350649351,0.366883117,Green,Audio File 16,160.7142857,0,160.7142857,0,0.050006716,0,99.009,0,0,0,0,0,0,0.161495911,0.161495911,Small Change (0-5%),No Change
000:01:39.114000,16.6.csv,Audio File 16.mp3,0.236299363,0.544187981,Green,Audio File 16,160.7142857,0,160.7142857,0,0,0,99.114,0,0,0,0,0,0,0.177304864,0.177304864,Small Change (0-5%),No Change
000:01:39.321000,16.12.csv,Audio File 16.mp3,0.29590459,0.210149586,Green,Audio File 16,160.7142857,0,160.7142857,0,0,0,99.321,0,0,0,0,0,0,-0.334038394,0.334038394,Small Change (0-5%),No Change
000:01:39.467000,16.8.csv,Audio File 16.mp3,0.138750139,0.632737633,Green,Audio File 16,160.7142857,0,160.7142857,0,0,0,99.467,0,0,0,0,0,0,0.422588046,0.422588046,Small Change (0-5%),No Change
000:01:39.575000,16.4.csv,Audio File 16.mp3,0.858064516,-0.027290323,Blue,Audio File 16,127.8409091,18.97945284,149.7564935,-0.204545455,0.042245142,-304.3831169,99.575,-32.87337662,32.87337662,-2818.362193,-20.45454545,20.45454545,20.45454545,-0.660027955,0.660027955,Large Change (>15%),Decrease in Tempo ‚Üí Decrease in Arousal
000:01:39.583000,16.10.csv,Audio File 16.mp3,0.270572745,-0.330678078,Blue,Audio File 16,127.8409091,18.97945284,138.7987013,0,0.087825426,0,99.583,0,0,38047.88961,0,0,0,-0.303387755,0.303387755,Small Change (0-5%),No Change
000:01:39.719000,16.3.csv,Audio File 16.mp3,0.366985552,0.429854097,Green,Audio File 16,127.8409091,0,127.8409091,0,0.087825426,0,99.719,0,0,0,0,0,0,0.760532174,0.760532174,Small Change (0-5%),No Change
000:01:39.821000,16.5.csv,Audio File 16.mp3,0.306451613,0.534,Green,Audio File 16,127.8409091,0,127.8409091,0,0.045580284,0,99.821,0,0,0,0,0,0,0.104145903,0.104145903,Small Change (0-5%),No Change
000:01:39.853000,16.16.csv,Audio File 16.mp3,0.283054732,0.235366467,Green,Audio File 16,127.8409091,0,127.8409091,0,0,0,99.853,0,0,0,0,0,0,-0.298633533,0.298633533,Small Change (0-5%),No Change
000:01:39.963000,16.17.csv,Audio File 16.mp3,0.305194805,-0.003246753,Blue,Audio File 16,127.8409091,0,127.8409091,0,0,0,99.963,0,0,0,0,0,0,-0.238613221,0.238613221,Small Change (0-5%),No Change
000:01:40.010000,16.16.csv,Audio File 16.mp3,0.283054732,0.235366467,Green,Audio File 16,127.8409091,0,127.8409091,0,0,0,100.01,0,0,0,0,0,0,0.238613221,0.238613221,Small Change (0-5%),No Change
000:01:40.265000,16.10.csv,Audio File 16.mp3,0.303489138,0.011652403,Green,Audio File 16,127.8409091,0,127.8409091,0,0,0,100.265,0,0,0,0,0,0,-0.223714064,0.223714064,Small Change (0-5%),No Change
000:01:40.309000,16.4.csv,Audio File 16.mp3,0.912903226,0.18883871,Green,Audio File 16,127.8409091,0,127.8409091,0,0,0,100.309,0,0,0,0,0,0,0.177186307,0.177186307,Small Change (0-5%),No Change
000:01:40.435000,16.5.csv,Audio File 16.mp3,0.283870968,0.624322581,Green,Audio File 16,127.8409091,0,127.8409091,0,0,0,100.435,0,0,0,0,0,0,0.435483871,0.435483871,Small Change (0-5%),No Change
000:01:40.631000,16.16.csv,Audio File 16.mp3,0.285290993,0.344943255,Green,Audio File 16,130.8139535,1.716487983,128.8319239,0.023255814,0.004441156,15.16859386,100.631,2.973044397,2.973044397,77.39078502,2.325581395,2.325581395,2.325581395,-0.279379326,0.279379326,Small Change (0-5%),Increase in Tempo ‚Üí Decrease in Arousal
000:01:40.679000,16.8.csv,Audio File 16.mp3,0.140600141,0.717837718,Green,Audio File 16,130.8139535,1.716487983,129.8229387,0,0.00884841,0,100.679,0,0,-316.0123722,0,0,0,0.372894463,0.372894463,Small Change (0-5%),No Change
000:01:41.149000,16.10.csv,Audio File 16.mp3,0.263989467,0.191595348,Green,Audio File 16,130.8139535,0,130.8139535,0,0.00884841,0,101.149,0,0,0,0,0,0,-0.52624237,0.52624237,Small Change (0-5%),No Change
000:01:41.288000,16.3.csv,Audio File 16.mp3,0.279692872,0.599095007,Green,Audio File 16,130.8139535,0,130.8139535,0,0.004407254,0,101.288,0,0,0,0,0,0,0.407499659,0.407499659,Small Change (0-5%),No Change
000:01:41.451000,16.4.csv,Audio File 16.mp3,0.880645161,0.459806452,Green,Audio File 16,130.8139535,0,130.8139535,0,0,0,101.451,0,0,0,0,0,0,-0.139288555,0.139288555,Small Change (0-5%),No Change
000:01:41.633000,16.1.csv,Audio File 16.mp3,0.587964218,0.294453782,Green,Audio File 16,156.25,14.6855083,139.2926357,0.194444444,0.03514306,139.7584973,101.633,25.43604651,25.43604651,767.9038314,19.44444444,19.44444444,19.44444444,-0.16535267,0.16535267,Large Change (>15%),Increase in Tempo ‚Üí Decrease in Arousal
000:01:41.682000,16.10.csv,Audio File 16.mp3,0.263989467,0.446148782,Green,Audio File 16,156.25,14.6855083,147.7713178,0,0.068269715,0,101.682,0,0,-2852.214231,0,0,0,0.151695001,0.151695001,Small Change (0-5%),No Change
000:01:42.223000,16.4.csv,Audio File 16.mp3,0.887096774,0.624322581,Green,Audio File 16,156.25,0,156.25,0,0.068269715,0,102.223,0,0,0,0,0,0,0.178173799,0.178173799,Small Change (0-5%),No Change
000:01:43.428000,16.4.csv,Audio File 16.mp3,0.925806452,0.763032258,Green,Audio File 16,170.4545455,8.200998142,160.9848485,0.090909091,0.050107545,11.78800453,103.428,14.20454545,14.20454545,9.782576371,9.090909091,9.090909091,9.090909091,0.138709677,0.138709677,Moderate Change (5-15%),Increase in Tempo ‚Üí Increase in Arousal
000:01:43.452000,16.3.csv,Audio File 16.mp3,0.707248855,0.714891419,Green,Audio File 16,170.4545455,8.200998142,165.719697,0,0.033476612,0,103.452,0,0,-491.1668553,0,0,0,-0.048140839,0.048140839,Small Change (0-5%),No Change
000:01:43.507000,16.9.csv,Audio File 16.mp3,0.081864564,0.84554731,Green,Audio File 16,160.7142857,5.623541583,167.2077922,-0.057142857,0.044687297,-177.0956316,103.507,-9.74025974,9.74025974,-3219.920575,-5.714285714,5.714285714,5.714285714,0.130655891,0.130655891,Moderate Change (5-15%),Decrease in Tempo ‚Üí Increase in Arousal
000:01:45.174000,16.18.csv,Audio File 16.mp3,0.428571429,0.347402597,Green,Audio File 16,137.195122,17.09879614,156.1213177,-0.146341463,0.064213905,-14.10867652,105.174,-23.51916376,23.51916376,97.77261855,-14.63414634,14.63414634,14.63414634,-0.498144712,0.498144712,Moderate Change (5-15%),Decrease in Tempo ‚Üí Decrease in Arousal
000:01:45.477000,16.4.csv,Audio File 16.mp3,0.864516129,0.78883871,Green,Audio File 16,137.195122,13.57879553,145.0348432,0,0.078926306,0,105.477,0,0,46.56328885,0,0,0,0.441436112,0.441436112,Small Change (0-5%),No Change
000:01:45.929000,16.4.csv,Audio File 16.mp3,0.880645161,0.853354839,Green,Audio File 16,127.8409091,5.400657313,134.077051,-0.068181818,0.081142371,-20.6951612,105.929,-9.35421286,9.35421286,-45.78575486,-6.818181818,6.818181818,6.818181818,0.064516129,0.064516129,Moderate Change (5-15%),Decrease in Tempo ‚Üí Increase in Arousal
000:01:46.732000,16.4.csv,Audio File 16.mp3,0.916129032,0.885612903,Green,Audio File 16,127.8409091,5.400657313,130.95898,0,0.058381308,0,106.732,0,0,25.77230535,0,0,0,0.032258065,0.032258065,Small Change (0-5%),No Change
000:01:46.898000,16.2.csv,Audio File 16.mp3,0.482927086,0.501537705,Green,Audio File 16,127.8409091,0,127.8409091,0,0.027173185,0,106.898,0,0,0,0,0,0,-0.384075199,0.384075199,Small Change (0-5%),No Change
000:01:47.604000,16.3.csv,Audio File 16.mp3,0.709030339,0.816435965,Green,Audio File 16,122.2826087,3.209086229,125.9881423,-0.043478261,0.02223688,-7.872946735,107.604,-5.558300395,5.558300395,-11.15148263,-4.347826087,4.347826087,4.347826087,0.31489826,0.31489826,Small Change (0-5%),Decrease in Tempo ‚Üí Increase in Arousal
000:01:48.400000,16.4.csv,Audio File 16.mp3,0.635483871,-0.385354839,Blue,Audio File 16,122.2826087,3.209086229,124.1353755,0,0.017107613,0,108.4,0,0,9.890636602,0,0,0,-1.201790803,1.201790803,Small Change (0-5%),No Change
000:01:49.106000,16.4.csv,Audio File 16.mp3,0.593548387,-0.533741935,Blue,Audio File 16,130.8139535,4.925574213,125.1263903,0.069767442,0.03022921,12.08405778,109.106,8.531344793,8.531344793,17.11622915,6.976744186,6.976744186,6.976744186,-0.148387097,0.148387097,Moderate Change (5-15%),Increase in Tempo ‚Üí Decrease in Arousal
000:01:49.435000,16.5.csv,Audio File 16.mp3,0.393548387,0.440451613,Green,Audio File 16,130.8139535,4.925574213,127.9701719,0,0.034568771,0,109.435,0,0,-36.72965891,0,0,0,0.974193548,0.974193548,Small Change (0-5%),No Change
000:01:49.816000,16.5.csv,Audio File 16.mp3,0.429032258,0.321096774,Green,Audio File 16,122.2826087,4.925574213,127.9701719,-0.065217391,0.038781609,-22.39198108,109.816,-8.531344793,8.531344793,-58.77160389,-6.52173913,6.52173913,6.52173913,-0.119354839,0.119354839,Moderate Change (5-15%),Decrease in Tempo ‚Üí Decrease in Arousal
000:01:50.444000,16.20.csv,Audio File 16.mp3,0.165584416,0.399350649,Green,Audio File 16,122.2826087,4.925574213,125.1263903,0,0.038781609,0,110.444,0,0,35.65602083,0,0,0,0.078253875,0.078253875,Small Change (0-5%),No Change
000:01:50.672000,16.4.csv,Audio File 16.mp3,0.635483871,-0.278903226,Blue,Audio File 16,127.8409091,3.209086229,124.1353755,0.045454545,0.034568771,24.37851051,110.672,5.558300395,5.558300395,106.9232917,4.545454545,4.545454545,4.545454545,-0.678253875,0.678253875,Small Change (0-5%),Increase in Tempo ‚Üí Decrease in Arousal
000:01:51.026000,16.20.csv,Audio File 16.mp3,0.181818182,0.506493506,Green,Audio File 16,127.8409091,3.209086229,125.9881423,0,0.03022921,0,111.026,0,0,-68.86584889,0,0,0,0.785396732,0.785396732,Small Change (0-5%),No Change
000:01:51.641000,16.13.csv,Audio File 16.mp3,0.272818205,0.250862716,Green,Audio File 16,122.2826087,3.209086229,125.9881423,-0.043478261,0.025598058,-9.037886822,111.641,-5.558300395,5.558300395,-14.69575093,-4.347826087,4.347826087,4.347826087,-0.255630791,0.255630791,Small Change (0-5%),Decrease in Tempo ‚Üí Decrease in Arousal
000:01:51.659000,16.12.csv,Audio File 16.mp3,0.261615447,0.375166088,Green,Audio File 16,122.2826087,3.209086229,124.1353755,0,0.025598058,0,111.659,0,0,502.1048234,0,0,0,0.124303372,0.124303372,Small Change (0-5%),No Change
000:01:52.056000,16.4.csv,Audio File 16.mp3,0.7,-0.162774194,Blue,Audio File 16,122.2826087,0,122.2826087,0,0.017107613,0,112.056,0,0,0,0,0,0,-0.537940282,0.537940282,Small Change (0-5%),No Change
000:01:55.203000,16.3.csv,Audio File 16.mp3,0.732189621,0.848502663,Green,Audio File 16,122.2826087,0,122.2826087,0,0.008617168,0,115.203,0,0,0,0,0,0,1.011276857,1.011276857,Small Change (0-5%),No Change
000:01:58.200000,16.6.csv,Audio File 16.mp3,0.404544509,0.485585739,Green,Audio File 16,125,1.568886601,123.1884058,0.022222222,0.004245223,0.906703805,118.2,2.717391304,2.717391304,0.302537139,2.222222222,2.222222222,2.222222222,-0.362916924,0.362916924,Small Change (0-5%),Increase in Tempo ‚Üí Decrease in Arousal
000:01:59.530000,16.5.csv,Audio File 16.mp3,0.45483871,0.408193548,Green,Audio File 16,208.3333333,48.91583907,151.8719807,0.666666667,0.111607223,62.6566416,119.53,83.33333333,83.33333333,46.42852466,66.66666667,66.66666667,66.66666667,-0.07739219,0.07739219,Large Change (>15%),Increase in Tempo ‚Üí Decrease in Arousal
000:02:01.261000,16.15.csv,Audio File 16.mp3,0.267691492,0.521865889,Green,Audio File 16,125,48.11252243,152.7777778,-0.4,0.216579999,-48.14172925,121.261,-83.33333333,83.33333333,-64.00830205,-40,40,40,0.113672341,0.113672341,Large Change (>15%),Decrease in Tempo ‚Üí Increase in Arousal
000:02:02.657000,16.19.csv,Audio File 16.mp3,0.327922078,0.461038961,Green,Audio File 16,122.2826087,48.91583907,151.8719807,-0.02173913,0.319696778,-1.946555376,122.657,-2.717391304,2.717391304,33.09109876,-2.173913043,2.173913043,2.173913043,-0.060826928,0.060826928,Small Change (0-5%),Decrease in Tempo ‚Üí Decrease in Arousal
000:02:05.993000,16.4.csv,Audio File 16.mp3,0.635483871,0.224322581,Green,Audio File 16,117.1875,3.966095989,121.4900362,-0.041666667,0.223216591,-1.52731076,125.993,-5.095108696,5.095108696,0.125672846,-4.166666667,4.166666667,4.166666667,-0.23671638,0.23671638,Small Change (0-5%),Decrease in Tempo ‚Üí Decrease in Arousal
000:02:06.070000,16.3.csv,Audio File 16.mp3,0.794541535,0.898384195,Green,Audio File 16,117.1875,2.941662377,118.8858696,0,0.126491676,0,126.07,0,0,19.83520468,0,0,0,0.674061614,0.674061614,Small Change (0-5%),No Change
000:02:07.124000,16.4.csv,Audio File 16.mp3,0.7,0.343677419,Green,Audio File 16,122.2826087,2.941662377,118.8858696,0.043478261,0.027377536,4.834068971,127.124,5.095108696,5.095108696,4.586403198,4.347826087,4.347826087,4.347826087,-0.554706775,0.554706775,Small Change (0-5%),Increase in Tempo ‚Üí Decrease in Arousal
000:02:08.654000,16.3.csv,Audio File 16.mp3,0.817700818,0.958954626,Green,Audio File 16,127.8409091,5.328382512,122.4370059,0.045454545,0.031002182,3.632876075,128.654,5.558300395,5.558300395,-0.785093396,4.545454545,4.545454545,4.545454545,0.615277206,0.615277206,Small Change (0-5%),Increase in Tempo ‚Üí Increase in Arousal
000:02:08.857000,16.12.csv,Audio File 16.mp3,0.26590159,0.542325661,Green,Audio File 16,127.8409091,3.209086229,125.9881423,0,0.031244766,0,128.857,0,0,-17.89594126,0,0,0,-0.416628964,0.416628964,Small Change (0-5%),No Change
000:02:10.022000,16.5.csv,Audio File 16.mp3,0.438709677,0.611419355,Green,Audio File 16,127.8409091,0,127.8409091,0,0.022996905,0,130.022,0,0,0,0,0,0,0.069093694,0.069093694,Small Change (0-5%),No Change
000:02:11.602000,16.4.csv,Audio File 16.mp3,0.758064516,0.434,Green,Audio File 16,125,1.640199628,126.8939394,-0.022222222,0.012799029,-1.798043728,131.602,-2.840909091,2.840909091,-1.13800236,-2.222222222,2.222222222,2.222222222,-0.177419355,0.177419355,Small Change (0-5%),Decrease in Tempo ‚Üí Decrease in Arousal
000:02:12.400000,16.6.csv,Audio File 16.mp3,0.402654114,0.209588083,Green,Audio File 16,125,1.640199628,125.9469697,0,0.008649564,0,132.4,0,0,2.25318763,0,0,0,-0.224411917,0.224411917,Small Change (0-5%),No Change
000:02:17.137000,16.4.csv,Audio File 16.mp3,0.638709677,0.459806452,Green,Audio File 16,152.027027,15.60406133,134.009009,0.216216216,0.047463027,5.705515522,137.137,27.02702703,27.02702703,1.204457573,21.62162162,21.62162162,21.62162162,0.250218369,0.250218369,Large Change (>15%),Increase in Tempo ‚Üí Increase in Arousal
000:02:18.866000,16.1.csv,Audio File 16.mp3,0.626999187,0.463605313,Green,Audio File 16,122.2826087,16.44472979,133.1032119,-0.195652174,0.084337345,-17.20324947,138.866,-29.74441833,29.74441833,-13.24971949,-19.56521739,19.56521739,19.56521739,0.003798861,0.003798861,Large Change (>15%),Decrease in Tempo ‚Üí Increase in Arousal
000:02:19.057000,16.4.csv,Audio File 16.mp3,0.719354839,0.595290323,Green,Audio File 16,122.2826087,17.17294793,132.1974148,0,0.123297636,0,139.057,0,0,90.06936895,0,0,0,0.131685009,0.131685009,Small Change (0-5%),No Change
000:02:19.605000,16.4.csv,Audio File 16.mp3,0.790322581,0.637225806,Green,Audio File 16,144.2307692,12.67177639,129.5986622,0.179487179,0.117076527,40.05138784,139.605,21.94816054,21.94816054,73.08647416,17.94871795,17.94871795,17.94871795,0.041935484,0.041935484,Large Change (>15%),Increase in Tempo ‚Üí Increase in Arousal
000:02:20.651000,16.4.csv,Audio File 16.mp3,0.929032258,0.443677419,Green,Audio File 16,187.5,33.18447481,151.3377926,0.3,0.148985027,41.36637741,140.651,43.26923077,43.26923077,1.257160201,30,30,30,-0.193548387,0.193548387,Large Change (>15%),Increase in Tempo ‚Üí Decrease in Arousal
000:02:20.753000,16.3.csv,Audio File 16.mp3,0.484563448,0.960736109,Green,Audio File 16,187.5,24.98150203,173.0769231,0,0.153796279,0,140.753,0,0,-405.5527197,0,0,0,0.51705869,0.51705869,Small Change (0-5%),No Change
000:02:21.179000,16.4.csv,Audio File 16.mp3,0.958064516,0.521096774,Green,Audio File 16,187.5,0,187.5,0,0.121203926,0,141.179,0,0,0,0,0,0,-0.439639335,0.439639335,Small Change (0-5%),No Change
000:02:22.230000,16.4.csv,Audio File 16.mp3,0.964516129,0.575935484,Green,Audio File 16,122.2826087,37.65327843,165.7608696,-0.347826087,0.123830591,-62.05270343,142.23,-65.2173913,65.2173913,-59.04158271,-34.7826087,34.7826087,34.7826087,0.05483871,0.05483871,Large Change (>15%),Decrease in Tempo ‚Üí Increase in Arousal
000:02:23.187000,16.17.csv,Audio File 16.mp3,0.318181818,0.25974026,Green,Audio File 16,170.4545455,33.82403273,160.0790514,0.393939394,0.146150005,50.33640205,143.187,48.17193676,48.17193676,117.4389817,39.39393939,39.39393939,39.39393939,-0.316195224,0.316195224,Large Change (>15%),Increase in Tempo ‚Üí Decrease in Arousal
000:02:23.539000,16.3.csv,Audio File 16.mp3,0.529100529,0.948265726,Green,Audio File 16,127.8409091,26.35448159,140.1926877,-0.25,0.208812525,-121.0614669,143.539,-42.61363636,42.61363636,-486.9257642,-25,25,25,0.688525466,0.688525466,Large Change (>15%),Decrease in Tempo ‚Üí Increase in Arousal
000:02:24.937000,16.16.csv,Audio File 16.mp3,0.256219601,0.505954045,Green,Audio File 16,130.8139535,23.79123623,143.0364693,0.023255814,0.188537745,2.1266412,144.937,2.973044397,2.973044397,88.1173878,2.325581395,2.325581395,2.325581395,-0.442311681,0.442311681,Small Change (0-5%),Increase in Tempo ‚Üí Decrease in Arousal
000:02:25.035000,16.3.csv,Audio File 16.mp3,0.504159763,0.889476778,Green,Audio File 16,130.8139535,1.716487983,129.8229387,0,0.122513062,0,145.035,0,0,-21.70042041,0,0,0,0.383522734,0.383522734,Small Change (0-5%),No Change
000:02:25.504000,16.3.csv,Audio File 16.mp3,0.505941247,0.803965582,Green,Audio File 16,148.0263158,9.937562008,136.5514076,0.131578947,0.084108956,36.70013284,145.504,17.2123623,17.2123623,78.25188238,13.15789474,13.15789474,13.15789474,-0.085511197,0.085511197,Moderate Change (5-15%),Increase in Tempo ‚Üí Decrease in Arousal
000:02:25.766000,16.2.csv,Audio File 16.mp3,0.460699131,0.65407153,Green,Audio File 16,148.0263158,9.937562008,142.2888617,0,0.051945921,0,145.766,0,0,-140.0768429,0,0,0,-0.149894052,0.149894052,Small Change (0-5%),No Change
000:02:29.420000,16.9.csv,Audio File 16.mp3,0.095779221,0.625231911,Green,Audio File 16,165.4411765,10.0544745,153.8312693,0.117647059,0.06932547,4.765971724,149.42,17.41486068,17.41486068,1.30431629,11.76470588,11.76470588,11.76470588,-0.028839619,0.028839619,Moderate Change (5-15%),Increase in Tempo ‚Üí Decrease in Arousal
000:02:32.273000,16.12.csv,Audio File 16.mp3,0.253043161,0.647336162,Green,Audio File 16,156.25,8.71190832,156.5724974,-0.055555556,0.063614179,-3.22158306,152.273,-9.191176471,9.191176471,-2.799703745,-5.555555556,5.555555556,5.555555556,0.022104251,0.022104251,Moderate Change (5-15%),Decrease in Tempo ‚Üí Increase in Arousal
000:02:32.312000,16.19.csv,Audio File 16.mp3,0.337662338,0.512987013,Green,Audio File 16,156.25,5.306528209,159.3137255,0,0.051436816,0,152.312,0,0,82.60469385,0,0,0,-0.134349149,0.134349149,Small Change (0-5%),No Change
000:02:33.002000,16.6.csv,Audio File 16.mp3,0.272216866,0.591447853,Green,Audio File 16,119.6808511,21.11320798,144.0602837,-0.234042553,0.078502728,-52.99876657,153.002,-36.56914894,36.56914894,-76.80980663,-23.40425532,23.40425532,23.40425532,0.07846084,0.07846084,Large Change (>15%),Decrease in Tempo ‚Üí Increase in Arousal
000:02:36.960000,16.15.csv,Audio File 16.mp3,0.246488206,0.463556851,Green,Audio File 16,122.2826087,20.40365763,132.7378199,0.02173913,0.111193596,0.657341494,156.96,2.601757632,2.601757632,13.55636889,2.173913043,2.173913043,2.173913043,-0.127891002,0.127891002,Small Change (0-5%),Increase in Tempo ‚Üí Decrease in Arousal
000:02:39.351000,16.7.csv,Audio File 16.mp3,0.194636678,0.534265043,Green,Audio File 16,127.8409091,4.168340858,123.268123,0.045454545,0.111362452,2.324676033,159.351,5.558300395,5.558300395,0.697337741,4.545454545,4.545454545,4.545454545,0.070708192,0.070708192,Small Change (0-5%),Increase in Tempo ‚Üí Increase in Arousal
000:02:41.398000,16.8.csv,Audio File 16.mp3,0.166500167,0.64013764,Green,Audio File 16,127.8409091,3.209086229,125.9881423,0,0.071000182,0,161.398,0,0,-1.135650236,0,0,0,0.105872597,0.105872597,Small Change (0-5%),No Change
000:02:41.913000,16.8.csv,Audio File 16.mp3,0.168350168,0.510637511,Green,Audio File 16,125,1.640199628,126.8939394,-0.022222222,0.024070775,-5.516328332,161.913,-2.840909091,2.840909091,-10.71131715,-2.222222222,2.222222222,2.222222222,-0.12950013,0.12950013,Small Change (0-5%),Decrease in Tempo ‚Üí Decrease in Arousal
000:02:42.415000,16.7.csv,Audio File 16.mp3,0.194636678,0.334292006,Green,Audio File 16,125,1.640199628,125.9469697,0,0.017140009,0,162.415,0,0,10.98870186,0,0,0,-0.176345505,0.176345505,Small Change (0-5%),No Change
000:02:42.771000,16.10.csv,Audio File 16.mp3,0.270572745,0.41323239,Green,Audio File 16,122.2826087,1.568886601,124.0942029,-0.02173913,0.012863799,-7.633121641,162.771,-2.717391304,2.717391304,-21.44135293,-2.173913043,2.173913043,2.173913043,0.078940384,0.078940384,Small Change (0-5%),Decrease in Tempo ‚Üí Increase in Arousal
000:02:43.182000,16.10.csv,Audio File 16.mp3,0.270572745,0.345205179,Green,Audio File 16,122.2826087,1.568886601,123.1884058,0,0.012800438,0,163.182,0,0,18.57207212,0,0,0,-0.068027211,0.068027211,Small Change (0-5%),No Change
000:02:43.581000,16.10.csv,Audio File 16.mp3,0.270572745,0.187206496,Green,Audio File 16,119.6808511,1.502125469,121.4153562,-0.021276596,0.012583389,-6.520695819,163.581,-2.601757632,2.601757632,-16.34259604,-2.127659574,2.127659574,2.127659574,-0.157998683,0.157998683,Small Change (0-5%),Decrease in Tempo ‚Üí Decrease in Arousal
000:02:44.295000,16.10.csv,Audio File 16.mp3,0.294711433,0.020430108,Green,Audio File 16,119.6808511,1.502125469,120.5481036,0,0.012522752,0,164.295,0,0,9.132627198,0,0,0,-0.166776388,0.166776388,Small Change (0-5%),No Change
000:02:44.538000,16.4.csv,Audio File 16.mp3,0.806451613,-0.175677419,Blue,Audio File 16,127.8409091,4.711211699,122.4008704,0.068181818,0.021107536,33.58048571,164.538,8.160058027,8.160058027,138.1912992,6.818181818,6.818181818,6.818181818,-0.196107527,0.196107527,Moderate Change (5-15%),Increase in Tempo ‚Üí Decrease in Arousal
000:02:45.481000,16.4.csv,Audio File 16.mp3,0.816129032,-0.356322581,Blue,Audio File 16,127.8409091,4.711211699,125.1208897,0,0.029534698,0,165.481,0,0,-35.61027116,0,0,0,-0.180645161,0.180645161,Small Change (0-5%),No Change
000:02:45.614000,16.8.csv,Audio File 16.mp3,0.177600178,0.416287416,Green,Audio File 16,130.8139535,1.716487983,128.8319239,0.023255814,0.029822255,22.35371727,165.614,2.973044397,2.973044397,168.0730622,2.325581395,2.325581395,2.325581395,0.772609997,0.772609997,Small Change (0-5%),Increase in Tempo ‚Üí Increase in Arousal
000:02:45.767000,16.8.csv,Audio File 16.mp3,0.177600178,0.416287416,Green,Audio File 16,130.8139535,1.716487983,129.8229387,0,0.021399503,0,165.767,0,0,-146.1027273,0,0,0,0,0,Small Change (0-5%),No Change
000:02:47.857000,16.12.csv,Audio File 16.mp3,0.259472376,0.454459732,Green,Audio File 16,119.6808511,6.427699682,127.1029193,-0.085106383,0.025705352,-5.326843265,167.857,-11.13310242,11.13310242,-2.548728835,-8.510638298,8.510638298,8.510638298,0.038172315,0.038172315,Moderate Change (5-15%),Decrease in Tempo ‚Üí Increase in Arousal
000:02:48.288000,16.12.csv,Audio File 16.mp3,0.259472376,0.283014016,Green,Audio File 16,119.6808511,6.427699682,123.3918852,0,0.038628114,0,168.288,0,0,12.35926512,0,0,0,-0.171445716,0.171445716,Small Change (0-5%),No Change
000:02:48.739000,16.12.csv,Audio File 16.mp3,0.259472376,0.158715872,Green,Audio File 16,127.8409091,4.711211699,122.4008704,0.068181818,0.047050866,18.09325505,168.739,8.160058027,8.160058027,40.11808215,6.818181818,6.818181818,6.818181818,-0.124298144,0.124298144,Moderate Change (5-15%),Increase in Tempo ‚Üí Decrease in Arousal
000:02:48.767000,16.2.csv,Audio File 16.mp3,0.425797682,0.303220118,Green,Audio File 16,127.8409091,4.711211699,125.1208897,0,0.042745017,0,168.767,0,0,-646.1876803,0,0,0,0.144504246,0.144504246,Small Change (0-5%),No Change
000:02:49.456000,16.12.csv,Audio File 16.mp3,0.283046162,0.02370237,Green,Audio File 16,127.8409091,0,127.8409091,0,0.025381099,0,169.456,0,0,0,0,0,0,-0.279517748,0.279517748,Small Change (0-5%),No Change
000:02:49.471000,16.3.csv,Audio File 16.mp3,0.188837226,-0.133094615,Blue,Audio File 16,127.8409091,0,127.8409091,0,0.012551093,0,169.471,0,0,0,0,0,0,-0.156796985,0.156796985,Small Change (0-5%),No Change
000:02:49.599000,16.2.csv,Audio File 16.mp3,0.453351458,0.154429729,Green,Audio File 16,122.2826087,3.209086229,125.9881423,-0.043478261,0.008490445,-43.42422184,169.599,-5.558300395,5.558300395,-339.2517331,-4.347826087,4.347826087,4.347826087,0.287524343,0.287524343,Small Change (0-5%),Decrease in Tempo ‚Üí Increase in Arousal
000:02:49.965000,16.1.csv,Audio File 16.mp3,0.590132827,0.311802657,Green,Audio File 16,122.2826087,3.209086229,124.1353755,0,0.017107613,0,169.965,0,0,118.6454149,0,0,0,0.157372928,0.157372928,Small Change (0-5%),No Change
000:02:50.249000,16.2.csv,Audio File 16.mp3,0.48457907,-0.003545252,Blue,Audio File 16,122.2826087,0,122.2826087,0,0.017107613,0,170.249,0,0,0,0,0,0,-0.315347909,0.315347909,Small Change (0-5%),No Change
000:02:50.497000,16.1.csv,Audio File 16.mp3,0.603144484,0.181686094,Green,Audio File 16,122.2826087,0,122.2826087,0,0.008617168,0,170.497,0,0,0,0,0,0,0.185231346,0.185231346,Small Change (0-5%),No Change
000:02:50.504000,16.3.csv,Audio File 16.mp3,0.274348422,-0.106372366,Blue,Audio File 16,119.6808511,1.502125469,121.4153562,-0.021276596,0.00412393,-371.6796617,170.504,-2.601757632,2.601757632,-53097.09453,-2.127659574,2.127659574,2.127659574,-0.288058459,0.288058459,Small Change (0-5%),Decrease in Tempo ‚Üí Decrease in Arousal
000:02:51.631000,16.6.csv,Audio File 16.mp3,0.30057279,0.406189153,Green,Audio File 16,119.6808511,1.502125469,120.5481036,0,0.00827753,0,171.631,0,0,329.7956182,0,0,0,0.512561519,0.512561519,Small Change (0-5%),No Change
000:02:51.747000,16.1.csv,Audio File 16.mp3,0.596638655,0.081930062,Green,Audio File 16,119.6808511,0,119.6808511,0,0.00827753,0,171.747,0,0,0,0,0,0,-0.324259091,0.324259091,Small Change (0-5%),No Change
000:02:52.029000,16.6.csv,Audio File 16.mp3,0.357284637,0.26629993,Green,Audio File 16,119.6808511,0,119.6808511,0,0.004153599,0,172.029,0,0,0,0,0,0,0.184369868,0.184369868,Small Change (0-5%),No Change
000:02:55.217000,16.4.csv,Audio File 16.mp3,0.9,-0.359548387,Blue,Audio File 16,181.4516129,35.66336598,140.271105,0.516129032,0.084748663,19.37602316,175.217,61.77076184,61.77076184,6.077798984,51.61290323,51.61290323,51.61290323,-0.625848317,0.625848317,Large Change (>15%),Increase in Tempo ‚Üí Decrease in Arousal
000:02:57.511000,16.19.csv,Audio File 16.mp3,0.324675325,0.587662338,Green,Audio File 16,114.7959184,37.15389437,138.6427941,-0.367346939,0.174076288,-29.05653641,177.511,-66.65569454,66.65569454,-21.11271124,-36.73469388,36.73469388,36.73469388,0.947210725,0.947210725,Large Change (>15%),Decrease in Tempo ‚Üí Increase in Arousal
000:02:57.614000,16.8.csv,Audio File 16.mp3,0.151700152,0.242387242,Green,Audio File 16,114.7959184,38.48368318,137.0144832,0,0.267700656,0,177.614,0,0,282.1022953,0,0,0,-0.345275095,0.345275095,Small Change (0-5%),No Change
000:02:58.861000,16.20.csv,Audio File 16.mp3,0.168831169,0.538961039,Green,Audio File 16,140.625,14.91242723,123.4056122,0.225,0.223232244,20.71297645,178.861,25.82908163,25.82908163,16.61024575,22.5,22.5,22.5,0.296573797,0.296573797,Large Change (>15%),Increase in Tempo ‚Üí Increase in Arousal
000:02:59.222000,16.4.csv,Audio File 16.mp3,0.816129032,-0.533741935,Blue,Audio File 16,140.625,14.91242723,132.0153061,0,0.171557898,0,179.222,0,0,-57.37666607,0,0,0,-1.072702974,1.072702974,Small Change (0-5%),No Change
000:02:59.842000,16.20.csv,Audio File 16.mp3,0.201298701,0.590909091,Green,Audio File 16,125,9.021097956,135.4166667,-0.111111111,0.100139309,-25.2016129,179.842,-15.625,15.625,-40.64776275,-11.11111111,11.11111111,11.11111111,1.124651026,1.124651026,Moderate Change (5-15%),Decrease in Tempo ‚Üí Increase in Arousal
000:03:00.369000,16.4.csv,Audio File 16.mp3,0.725806452,-0.543419355,Blue,Audio File 16,125,9.021097956,130.2083333,0,0.082953069,0,180.369,0,0,47.82089735,0,0,0,-1.134328446,1.134328446,Small Change (0-5%),No Change
000:03:00.475000,16.20.csv,Audio File 16.mp3,0.227272727,0.357142857,Green,Audio File 16,125,0,125,0,0.04529979,0,180.475,0,0,0,0,0,0,0.900562212,0.900562212,Small Change (0-5%),No Change
000:03:02.139000,16.3.csv,Audio File 16.mp3,0.295726222,0.224983521,Green,Audio File 16,122.2826087,1.568886601,124.0942029,-0.02173913,0.027308246,-1.633047659,182.139,-2.717391304,2.717391304,-0.981398833,-2.173913043,2.173913043,2.173913043,-0.132159336,0.132159336,Small Change (0-5%),Decrease in Tempo ‚Üí Decrease in Arousal
000:03:02.530000,16.8.csv,Audio File 16.mp3,0.159100159,-0.007363007,Blue,Audio File 16,127.8409091,2.779378925,125.0411726,0.045454545,0.011623472,14.21560203,182.53,5.558300395,5.558300395,40.53363093,4.545454545,4.545454545,4.545454545,-0.232346529,0.232346529,Small Change (0-5%),Increase in Tempo ‚Üí Decrease in Arousal
000:03:03.263000,16.8.csv,Audio File 16.mp3,0.131350131,-0.1997632,Blue,Audio File 16,127.8409091,3.209086229,125.9881423,0,0.020113917,0,183.263,0,0,-19.39372719,0,0,0,-0.192400192,0.192400192,Small Change (0-5%),No Change
000:03:06.933000,16.4.csv,Audio File 16.mp3,0.519354839,-0.536967742,Blue,Audio File 16,130.8139535,1.716487983,128.8319239,0.023255814,0.020340838,0.810093841,186.933,2.973044397,2.973044397,0.220734017,2.325581395,2.325581395,2.325581395,-0.337204542,0.337204542,Small Change (0-5%),Increase in Tempo ‚Üí Decrease in Arousal
000:03:09.104000,16.7.csv,Audio File 16.mp3,0.268783984,0.2601447,Green,Audio File 16,122.2826087,4.330464568,126.9791571,-0.065217391,0.024299515,-3.929684382,189.104,-8.531344793,8.531344793,-2.183223502,-6.52173913,6.52173913,6.52173913,0.797112442,0.797112442,Moderate Change (5-15%),Decrease in Tempo ‚Üí Increase in Arousal
000:03:14.500000,16.6.csv,Audio File 16.mp3,0.421558063,-0.02293049,Blue,Audio File 16,130.8139535,4.925574213,127.9701719,0.069767442,0.028639076,1.581049813,194.5,8.531344793,8.531344793,1.021262823,6.976744186,6.976744186,6.976744186,-0.28307519,0.28307519,Moderate Change (5-15%),Increase in Tempo ‚Üí Decrease in Arousal
000:03:15.758000,16.17.csv,Audio File 16.mp3,0.331168831,0.227272727,Green,Audio File 16,130.8139535,4.925574213,127.9701719,0,0.037027926,0,195.758,0,0,-1.256796354,0,0,0,0.250203217,0.250203217,Small Change (0-5%),No Change
000:03:15.897000,16.17.csv,Audio File 16.mp3,0.331168831,0.227272727,Green,Audio File 16,130.8139535,0,130.8139535,0,0.025660012,0,195.897,0,0,0,0,0,0,0,0,Small Change (0-5%),No Change
000:03:16.043000,16.4.csv,Audio File 16.mp3,0.716129032,-0.32083871,Blue,Audio File 16,130.8139535,0,130.8139535,0,0.012830006,0,196.043,0,0,0,0,0,0,-0.548111437,0.548111437,Small Change (0-5%),No Change
000:03:16.324000,16.3.csv,Audio File 16.mp3,0.40974115,0.328309551,Green,Audio File 16,130.8139535,0,130.8139535,0,0,0,196.324,0,0,0,0,0,0,0.64914826,0.64914826,Small Change (0-5%),No Change
000:03:16.653000,16.4.csv,Audio File 16.mp3,0.783870968,-0.191806452,Blue,Audio File 16,127.8409091,1.716487983,129.8229387,-0.022727273,0.004407254,-9.036609111,196.653,-2.973044397,2.973044397,-27.46689699,-2.272727273,2.272727273,2.272727273,-0.520116002,0.520116002,Small Change (0-5%),Decrease in Tempo ‚Üí Decrease in Arousal
000:03:16.804000,16.12.csv,Audio File 16.mp3,0.293761519,0.441601303,Green,Audio File 16,127.8409091,1.716487983,128.8319239,0,0.00884841,0,196.804,0,0,59.84509345,0,0,0,0.633407755,0.633407755,Small Change (0-5%),No Change
000:03:16.892000,16.19.csv,Audio File 16.mp3,0.308441558,0.516233766,Green,Audio File 16,127.8409091,0,127.8409091,0,0.00884841,0,196.892,0,0,0,0,0,0,0.074632463,0.074632463,Small Change (0-5%),No Change
000:03:17.132000,16.2.csv,Audio File 16.mp3,0.493763662,0.012987013,Green,Audio File 16,127.8409091,0,127.8409091,0,0.004441156,0,197.132,0,0,0,0,0,0,-0.503246753,0.503246753,Small Change (0-5%),No Change
000:03:17.383000,16.4.csv,Audio File 16.mp3,0.877419355,0.072709677,Green,Audio File 16,127.8409091,0,127.8409091,0,0,0,197.383,0,0,0,0,0,0,0.059722664,0.059722664,Small Change (0-5%),No Change
000:03:17.471000,16.17.csv,Audio File 16.mp3,0.298701299,0.350649351,Green,Audio File 16,127.8409091,0,127.8409091,0,0,0,197.471,0,0,0,0,0,0,0.277939673,0.277939673,Small Change (0-5%),No Change
000:03:17.519000,16.3.csv,Audio File 16.mp3,0.432900433,0.463702279,Green,Audio File 16,130.8139535,1.716487983,128.8319239,0.023255814,0.004441156,61.93842495,197.519,2.973044397,2.973044397,1290.383853,2.325581395,2.325581395,2.325581395,0.113052928,0.113052928,Small Change (0-5%),Increase in Tempo ‚Üí Increase in Arousal
000:03:17.665000,16.2.csv,Audio File 16.mp3,0.499274417,0.159940484,Green,Audio File 16,130.8139535,1.716487983,129.8229387,0,0.00884841,0,197.665,0,0,-424.2357873,0,0,0,-0.303761795,0.303761795,Small Change (0-5%),No Change
000:03:18.080000,16.17.csv,Audio File 16.mp3,0.298701299,0.418831169,Green,Audio File 16,130.8139535,0,130.8139535,0,0.00884841,0,198.08,0,0,0,0,0,0,0.258890685,0.258890685,Small Change (0-5%),No Change
000:03:18.753000,16.3.csv,Audio File 16.mp3,0.406178184,0.583061657,Green,Audio File 16,127.8409091,1.716487983,129.8229387,-0.022727273,0.008814508,-4.417599402,198.753,-2.973044397,2.973044397,-6.564040716,-2.272727273,2.272727273,2.272727273,0.164230488,0.164230488,Small Change (0-5%),Decrease in Tempo ‚Üí Increase in Arousal
000:03:18.798000,16.19.csv,Audio File 16.mp3,0.321428571,0.613636364,Green,Audio File 16,127.8409091,1.716487983,128.8319239,0,0.00884841,0,198.798,0,0,98.1688756,0,0,0,0.030574707,0.030574707,Small Change (0-5%),No Change
000:03:19.016000,16.5.csv,Audio File 16.mp3,0.4,0.708193548,Green,Audio File 16,127.8409091,0,127.8409091,0,0.00884841,0,199.016,0,0,0,0,0,0,0.094557185,0.094557185,Small Change (0-5%),No Change
000:03:19.100000,16.2.csv,Audio File 16.mp3,0.486415989,0.264644832,Green,Audio File 16,127.8409091,0,127.8409091,0,0.004441156,0,199.1,0,0,0,0,0,0,-0.443548717,0.443548717,Small Change (0-5%),No Change
000:03:19.181000,16.13.csv,Audio File 16.mp3,0.255313828,0.410902726,Green,Audio File 16,127.8409091,0,127.8409091,0,0,0,199.181,0,0,0,0,0,0,0.146257894,0.146257894,Small Change (0-5%),No Change
000:03:19.687000,16.3.csv,Audio File 16.mp3,0.276129906,0.638287638,Green,Audio File 16,125,1.640199628,126.8939394,-0.022222222,0.004308584,-5.614444844,199.687,-2.840909091,2.840909091,-11.0957408,-2.222222222,2.222222222,2.222222222,0.227384913,0.227384913,Small Change (0-5%),Decrease in Tempo ‚Üí Increase in Arousal
000:03:19.966000,16.5.csv,Audio File 16.mp3,0.309677419,0.769483871,Green,Audio File 16,125,1.640199628,125.9469697,0,0.008649564,0,199.966,0,0,20.12345822,0,0,0,0.131196233,0.131196233,Small Change (0-5%),No Change
000:03:20.340000,16.18.csv,Audio File 16.mp3,0.428571429,0.50974026,Green,Audio File 16,125,0,125,0,0.008649564,0,200.34,0,0,0,0,0,0,-0.259743611,0.259743611,Small Change (0-5%),No Change
000:03:20.524000,16.18.csv,Audio File 16.mp3,0.428571429,0.50974026,Green,Audio File 16,144.2307692,11.10288979,131.4102564,0.153846154,0.032504407,104.5150502,200.524,19.23076923,19.23076923,568.016577,15.38461538,15.38461538,15.38461538,0,0,Large Change (>15%),No Change
000:03:21.578000,16.8.csv,Audio File 16.mp3,0.135050135,0.103637104,Green,Audio File 16,127.8409091,10.38043645,132.3572261,-0.113636364,0.054305903,-15.55015194,201.578,-16.38986014,16.38986014,-113.913854,-11.36363636,11.36363636,11.36363636,-0.406103156,0.406103156,Moderate Change (5-15%),Decrease in Tempo ‚Üí Decrease in Arousal
000:03:22.028000,16.8.csv,Audio File 16.mp3,0.138750139,0.29048729,Green,Audio File 16,127.8409091,9.462690164,133.3041958,0,0.077967799,0,202.028,0,0,34.55589319,0,0,0,0.186850187,0.186850187,Small Change (0-5%),No Change
000:03:22.290000,16.11.csv,Audio File 16.mp3,0.320007133,0.208106917,Green,Audio File 16,127.8409091,0,127.8409091,0,0.049804371,0,202.29,0,0,0,0,0,0,-0.082380373,0.082380373,Small Change (0-5%),No Change
000:03:22.454000,16.3.csv,Audio File 16.mp3,0.249407657,0.718454385,Green,Audio File 16,127.8409091,0,127.8409091,0,0.023661896,0,202.454,0,0,0,0,0,0,0.510347468,0.510347468,Small Change (0-5%),No Change
000:03:22.662000,16.8.csv,Audio File 16.mp3,0.138750139,0.3996374,Green,Audio File 16,122.2826087,3.209086229,125.9881423,-0.043478261,0.008490445,-26.72259805,202.662,-5.558300395,5.558300395,-128.4740291,-4.347826087,4.347826087,4.347826087,-0.318816985,0.318816985,Small Change (0-5%),Decrease in Tempo ‚Üí Decrease in Arousal
000:03:22.918000,16.9.csv,Audio File 16.mp3,0.088821892,0.678571429,Green,Audio File 16,122.2826087,3.209086229,124.1353755,0,0.017107613,0,202.918,0,0,104.3851486,0,0,0,0.278934029,0.278934029,Small Change (0-5%),No Change
000:03:22.922000,16.11.csv,Audio File 16.mp3,0.315811006,0.354971361,Green,Audio File 16,122.2826087,0,122.2826087,0,0.017107613,0,202.922,0,0,0,0,0,0,-0.323600067,0.323600067,Small Change (0-5%),No Change
000:03:24.340000,16.3.csv,Audio File 16.mp3,0.269003973,0.843158214,Green,Audio File 16,122.2826087,0,122.2826087,0,0.008617168,0,204.34,0,0,0,0,0,0,0.488186852,0.488186852,Small Change (0-5%),No Change
000:03:24.814000,16.8.csv,Audio File 16.mp3,0.192400192,0.468087468,Green,Audio File 16,170.4545455,27.81208066,138.3399209,0.393939394,0.067013871,101.6285586,204.814,48.17193676,48.17193676,214.4062417,39.39393939,39.39393939,39.39393939,-0.375070745,0.375070745,Large Change (>15%),Increase in Tempo ‚Üí Decrease in Arousal
000:03:24.867000,16.20.csv,Audio File 16.mp3,0.204545455,0.538961039,Green,Audio File 16,170.4545455,27.81208066,154.3972332,0,0.127058299,0,204.867,0,0,-1917.519973,0,0,0,0.070873571,0.070873571,Small Change (0-5%),No Change
000:03:25.495000,16.20.csv,Audio File 16.mp3,0.188311688,0.431818182,Green,Audio File 16,170.4545455,0,170.4545455,0,0.127058299,0,205.495,0,0,0,0,0,0,-0.107142857,0.107142857,Small Change (0-5%),No Change
000:03:25.747000,16.8.csv,Audio File 16.mp3,0.168350168,0.601287601,Green,Audio File 16,125,26.24319405,155.3030303,-0.266666667,0.116371284,-180.3751804,205.747,-45.45454545,45.45454545,-715.7745253,-26.66666667,26.66666667,26.66666667,0.169469419,0.169469419,Large Change (>15%),Decrease in Tempo ‚Üí Increase in Arousal
000:03:26.227000,16.4.csv,Audio File 16.mp3,0.893548387,0.217870968,Green,Audio File 16,125,26.24319405,140.1515152,0,0.118743101,0,206.227,0,0,375.7816258,0,0,0,-0.383416634,0.383416634,Small Change (0-5%),No Change
000:03:26.312000,16.16.csv,Audio File 16.mp3,0.27634595,0.666964835,Green,Audio File 16,125,0,125,0,0.118743101,0,206.312,0,0,0,0,0,0,0.449093867,0.449093867,Small Change (0-5%),No Change
000:03:26.380000,16.8.csv,Audio File 16.mp3,0.194250194,0.791837792,Green,Audio File 16,125,0,125,0,0.062416245,0,206.38,0,0,0,0,0,0,0.124872957,0.124872957,Small Change (0-5%),No Change
000:03:27.093000,16.4.csv,Audio File 16.mp3,0.906451613,0.266258065,Green,Audio File 16,156.25,18.04219591,135.4166667,0.25,0.044411559,43.82889201,207.093,31.25,31.25,61.47109678,25,25,25,-0.525579727,0.525579727,Large Change (>15%),Increase in Tempo ‚Üí Decrease in Arousal
000:03:27.116000,16.10.csv,Audio File 16.mp3,0.270572745,0.13892912,Green,Audio File 16,156.25,18.04219591,145.8333333,0,0.085650864,0,207.116,0,0,-1905.604,0,0,0,-0.127328944,0.127328944,Small Change (0-5%),No Change
000:03:27.237000,16.3.csv,Audio File 16.mp3,0.252970623,0.912636061,Green,Audio File 16,156.25,0,156.25,0,0.085650864,0,207.237,0,0,0,0,0,0,0.773706941,0.773706941,Small Change (0-5%),No Change
000:03:28.046000,16.10.csv,Audio File 16.mp3,0.257406188,0.285955673,Green,Audio File 16,133.9285714,12.88728279,148.8095238,-0.142857143,0.070106818,-27.59138266,208.046,-22.32142857,22.32142857,-34.10554099,-14.28571429,14.28571429,14.28571429,-0.626680388,0.626680388,Moderate Change (5-15%),Decrease in Tempo ‚Üí Decrease in Arousal
000:03:28.165000,16.14.csv,Audio File 16.mp3,0.197323304,0.373023017,Green,Audio File 16,133.9285714,12.88728279,141.3690476,0,0.05925437,0,208.165,0,0,231.8603585,0,0,0,0.087067344,0.087067344,Small Change (0-5%),No Change
000:03:28.527000,16.1.csv,Audio File 16.mp3,0.648685281,0.513483329,Green,Audio File 16,127.8409091,3.514713489,131.8993506,-0.045454545,0.068136682,-16.81674679,208.527,-6.087662338,6.087662338,-46.45510163,-4.545454545,4.545454545,4.545454545,0.140460312,0.140460312,Small Change (0-5%),Decrease in Tempo ‚Üí Increase in Arousal
000:03:29.364000,16.14.csv,Audio File 16.mp3,0.195180232,0.081565299,Green,Audio File 16,127.8409091,3.514713489,129.8701299,0,0.048290266,0,209.364,0,0,20.0916927,0,0,0,-0.431918029,0.431918029,Small Change (0-5%),No Change
000:03:29.765000,16.7.csv,Audio File 16.mp3,0.313721745,0.203972498,Green,Audio File 16,160.7142857,18.97945284,138.7987013,0.257142857,0.063483694,81.97849532,209.765,32.87337662,32.87337662,204.4351504,25.71428571,25.71428571,25.71428571,0.122407199,0.122407199,Large Change (>15%),Increase in Tempo ‚Üí Increase in Arousal
000:03:30.416000,16.7.csv,Audio File 16.mp3,0.297993529,0.361254662,Green,Audio File 16,160.7142857,18.97945284,149.7564935,0,0.096846524,0,210.416,0,0,-125.9270281,0,0,0,0.157282164,0.157282164,Small Change (0-5%),No Change
000:03:30.682000,16.5.csv,Audio File 16.mp3,0.296774194,0.801741935,Green,Audio File 16,133.9285714,15.46473935,151.7857143,-0.166666667,0.121787207,-100.698174,210.682,-26.78571429,26.78571429,-378.5645639,-16.66666667,16.66666667,16.66666667,0.440487273,0.440487273,Large Change (>15%),Decrease in Tempo ‚Üí Increase in Arousal
000:03:30.950000,16.7.csv,Audio File 16.mp3,0.235080663,0.50280861,Green,Audio File 16,133.9285714,15.46473935,142.8571429,0,0.112291314,0,210.95,0,0,375.7394552,0,0,0,-0.298933325,0.298933325,Small Change (0-5%),No Change
000:03:31.580000,16.1.csv,Audio File 16.mp3,0.666034156,0.643599892,Green,Audio File 16,130.8139535,1.798225506,132.8903654,-0.023255814,0.074556721,-4.943838,211.58,-3.11461794,3.11461794,-7.847361905,-2.325581395,2.325581395,2.325581395,0.140791281,0.140791281,Small Change (0-5%),Decrease in Tempo ‚Üí Increase in Arousal
000:03:31.650000,16.6.csv,Audio File 16.mp3,0.419667669,0.137753077,Green,Audio File 16,130.8139535,1.798225506,131.8521595,0,0.045141006,0,211.65,0,0,70.62625715,0,0,0,-0.505846815,0.505846815,Small Change (0-5%),No Change
000:03:31.804000,16.4.csv,Audio File 16.mp3,0.970967742,0.382387097,Green,Audio File 16,130.8139535,0,130.8139535,0,0.009056614,0,211.804,0,0,0,0,0,0,0.24463402,0.24463402,Small Change (0-5%),No Change
000:03:32.414000,16.6.csv,Audio File 16.mp3,0.406434904,0.296546249,Green,Audio File 16,130.8139535,0,130.8139535,0,0.004546065,0,212.414,0,0,0,0,0,0,-0.085840848,0.085840848,Small Change (0-5%),No Change
000:03:34.004000,16.3.csv,Audio File 16.mp3,0.438244883,0.910854578,Green,Audio File 16,133.9285714,1.798225506,131.8521595,0.023809524,0.004546065,1.958879208,214.004,3.11461794,3.11461794,1.231999502,2.380952381,2.380952381,2.380952381,0.614308329,0.614308329,Small Change (0-5%),Increase in Tempo ‚Üí Increase in Arousal
000:03:35.517000,16.4.csv,Audio File 16.mp3,0.870967742,0.537225806,Green,Audio File 16,133.9285714,1.798225506,132.8903654,0,0.009056614,0,215.517,0,0,-1.294698749,0,0,0,-0.373628771,0.373628771,Small Change (0-5%),No Change
000:03:35.519000,16.3.csv,Audio File 16.mp3,0.668056224,0.917980511,Green,Audio File 16,133.9285714,0,133.9285714,0,0.009056614,0,215.519,0,0,0,0,0,0,0.380754704,0.380754704,Small Change (0-5%),No Change
000:03:35.888000,16.4.csv,Audio File 16.mp3,0.890322581,0.698516129,Green,Audio File 16,133.9285714,0,133.9285714,0,0.004510549,0,215.888,0,0,0,0,0,0,-0.219464382,0.219464382,Small Change (0-5%),No Change
000:03:35.964000,16.19.csv,Audio File 16.mp3,0.331168831,0.266233766,Green,Audio File 16,133.9285714,0,133.9285714,0,0,0,215.964,0,0,0,0,0,0,-0.432282363,0.432282363,Small Change (0-5%),No Change
000:03:36.146000,16.1.csv,Audio File 16.mp3,0.692057468,0.732512876,Green,Audio File 16,133.9285714,0,133.9285714,0,0,0,216.146,0,0,0,0,0,0,0.46627911,0.46627911,Small Change (0-5%),No Change
000:03:36.235000,16.2.csv,Audio File 16.mp3,0.47355756,0.431804405,Green,Audio File 16,133.9285714,0,133.9285714,0,0,0,216.235,0,0,0,0,0,0,-0.300708471,0.300708471,Small Change (0-5%),No Change
000:03:36.439000,16.4.csv,Audio File 16.mp3,0.916129032,0.798516129,Green,Audio File 16,133.9285714,0,133.9285714,0,0,0,216.439,0,0,0,0,0,0,0.366711724,0.366711724,Small Change (0-5%),No Change
000:03:36.651000,16.6.csv,Audio File 16.mp3,0.374298191,0.423202707,Green,Audio File 16,244.5652174,63.87609733,170.8074534,0.826086957,0.124655172,521.8709715,216.651,110.636646,110.636646,2461.655526,82.60869565,82.60869565,82.60869565,-0.375313422,0.375313422,Large Change (>15%),Increase in Tempo ‚Üí Decrease in Arousal
000:03:36.666000,16.2.csv,Audio File 16.mp3,0.47355756,0.521813406,Green,Audio File 16,244.5652174,63.87609733,207.6863354,0,0.227175313,0,216.666,0,0,-34791.3981,0,0,0,0.098610699,0.098610699,Small Change (0-5%),No Change
000:03:36.763000,16.1.csv,Audio File 16.mp3,0.694226078,0.806245595,Green,Audio File 16,244.5652174,0,244.5652174,0,0.227175313,0,216.763,0,0,0,0,0,0,0.284432189,0.284432189,Small Change (0-5%),No Change
000:03:36.768000,16.9.csv,Audio File 16.mp3,0.181586271,0.820037106,Green,Audio File 16,244.5652174,0,244.5652174,0,0.102520141,0,216.768,0,0,0,0,0,0,0.013791511,0.013791511,Small Change (0-5%),No Change
000:03:36.882000,16.19.csv,Audio File 16.mp3,0.327922078,0.392857143,Green,Audio File 16,244.5652174,0,244.5652174,0,0,0,216.882,0,0,0,0,0,0,-0.427179963,0.427179963,Small Change (0-5%),No Change
000:03:37.100000,16.2.csv,Audio File 16.mp3,0.47355756,0.575084039,Green,Audio File 16,244.5652174,0,244.5652174,0,0,0,217.1,0,0,0,0,0,0,0.182226896,0.182226896,Small Change (0-5%),No Change
000:03:37.600000,16.2.csv,Audio File 16.mp3,0.47355756,0.628354672,Green,Audio File 16,130.8139535,65.67432284,206.6481294,-0.465116279,0.105935829,-227.5025278,217.6,-113.7512639,113.7512639,-455.0050556,-46.51162791,46.51162791,46.51162791,0.053270633,0.053270633,Large Change (>15%),Decrease in Tempo ‚Üí Increase in Arousal
000:03:37.696000,16.1.csv,Audio File 16.mp3,0.702900515,0.877809705,Green,Audio File 16,130.8139535,65.67432284,168.7310415,0,0.235677463,0,217.696,0,0,2369.817998,0,0,0,0.249455032,0.249455032,Small Change (0-5%),No Change
000:03:37.803000,16.3.csv,Audio File 16.mp3,0.210215025,0.962517592,Green,Audio File 16,130.8139535,0,130.8139535,0,0.235677463,0,217.803,0,0,0,0,0,0,0.084707888,0.084707888,Small Change (0-5%),No Change
000:03:37.999000,16.2.csv,Audio File 16.mp3,0.47355756,0.694483734,Green,Audio File 16,130.8139535,0,130.8139535,0,0.129741634,0,217.999,0,0,0,0,0,0,-0.268033858,0.268033858,Small Change (0-5%),No Change
000:03:38.365000,16.2.csv,Audio File 16.mp3,0.497437499,0.714689836,Green,Audio File 16,130.8139535,0,130.8139535,0,0,0,218.365,0,0,0,0,0,0,0.020206102,0.020206102,Small Change (0-5%),No Change
000:03:38.437000,16.3.csv,Audio File 16.mp3,0.147863111,0.966080559,Green,Audio File 16,130.8139535,0,130.8139535,0,0,0,218.437,0,0,0,0,0,0,0.251390722,0.251390722,Small Change (0-5%),No Change
000:03:38.857000,16.12.csv,Audio File 16.mp3,0.257329304,0.745917449,Green,Audio File 16,137.195122,3.68416933,132.9410096,0.048780488,0.009237604,15.19325824,218.857,6.381168463,6.381168463,36.17442439,4.87804878,4.87804878,4.87804878,-0.22016311,0.22016311,Small Change (0-5%),Increase in Tempo ‚Üí Decrease in Arousal
000:03:38.965000,16.2.csv,Audio File 16.mp3,0.434982274,0.784492735,Green,Audio File 16,137.195122,3.68416933,135.0680658,0,0.018329735,0,218.965,0,0,-140.6783171,0,0,0,0.038575286,0.038575286,Small Change (0-5%),No Change
000:03:40.536000,16.2.csv,Audio File 16.mp3,0.389059314,0.830415695,Green,Audio File 16,127.8409091,5.400657313,134.077051,-0.068181818,0.031756485,-5.954304812,220.536,-9.35421286,9.35421286,-3.790136736,-6.818181818,6.818181818,6.818181818,0.04592296,0.04592296,Moderate Change (5-15%),Decrease in Tempo ‚Üí Increase in Arousal
000:03:41.999000,16.2.csv,Audio File 16.mp3,0.479068315,0.909403185,Green,Audio File 16,125,6.380870658,130.0120103,-0.022222222,0.038878576,-1.941838066,221.999,-2.840909091,2.840909091,2.742629355,-2.222222222,2.222222222,2.222222222,0.078987491,0.078987491,Small Change (0-5%),Decrease in Tempo ‚Üí Increase in Arousal
000:03:42.533000,16.2.csv,Audio File 16.mp3,0.574588071,0.91491394,Green,Audio File 16,127.8409091,1.640199628,126.8939394,0.022727273,0.03409503,5.320054477,222.533,2.840909091,2.840909091,13.59904971,2.272727273,2.272727273,2.272727273,0.005510755,0.005510755,Small Change (0-5%),Increase in Tempo ‚Üí Increase in Arousal
000:03:43.374000,16.5.csv,Audio File 16.mp3,0.270967742,0.866258065,Green,Audio File 16,127.8409091,1.640199628,126.8939394,0,0.024976864,0,223.374,0,0,-6.325867393,0,0,0,-0.048655876,0.048655876,Small Change (0-5%),No Change
000:03:43.450000,16.2.csv,Audio File 16.mp3,0.642554051,0.911240104,Green,Audio File 16,127.8409091,0,127.8409091,0,0.008617168,0,223.45,0,0,0,0,0,0,0.044982039,0.044982039,Small Change (0-5%),No Change
000:03:47.433000,16.7.csv,Audio File 16.mp3,0.194636678,0.280366692,Green,Audio File 16,130.8139535,1.716487983,128.8319239,0.023255814,0.00874974,0.746433441,227.433,2.973044397,2.973044397,0.187404831,2.325581395,2.325581395,2.325581395,-0.630873411,0.630873411,Small Change (0-5%),Increase in Tempo ‚Üí Decrease in Arousal
000:03:47.450000,16.2.csv,Audio File 16.mp3,0.675618582,0.918587777,Green,Audio File 16,130.8139535,1.716487983,129.8229387,0,0.00884841,0,227.45,0,0,-43.9078495,0,0,0,0.638221085,0.638221085,Small Change (0-5%),No Change
000:03:48.032000,16.7.csv,Audio File 16.mp3,0.239574439,0.136565856,Green,Audio File 16,140.625,5.664410345,134.0843023,0.075,0.022930124,16.85746823,228.032,9.811046512,9.811046512,28.96472205,7.5,7.5,7.5,-0.782021921,0.782021921,Moderate Change (5-15%),Increase in Tempo ‚Üí Decrease in Arousal
000:03:48.416000,16.7.csv,Audio File 16.mp3,0.275524648,-0.108344942,Blue,Audio File 16,140.625,5.664410345,137.3546512,0,0.032235403,0,228.416,0,0,-43.89965686,0,0,0,-0.244910799,0.244910799,Small Change (0-5%),No Change
000:03:51.048000,16.8.csv,Audio File 16.mp3,0.14985015,0.3996374,Green,Audio File 16,148.0263158,4.273151663,143.0921053,0.052631579,0.037782464,2.812050072,231.048,7.401315789,7.401315789,1.068408082,5.263157895,5.263157895,5.263157895,0.507982342,0.507982342,Moderate Change (5-15%),Increase in Tempo ‚Üí Increase in Arousal
000:03:51.480000,16.8.csv,Audio File 16.mp3,0.1998002,0.703037703,Green,Audio File 16,148.0263158,4.273151663,145.5592105,0,0.033486348,0,231.48,0,0,-6.509375167,0,0,0,0.303400303,0.303400303,Small Change (0-5%),No Change
000:03:53.116000,16.15.csv,Audio File 16.mp3,0.198780811,0.614630268,Green,Audio File 16,140.625,4.273151663,145.5592105,-0.05,0.029525511,-4.524031656,233.116,-7.401315789,7.401315789,-2.765300523,-5,5,5,-0.088407435,0.088407435,Moderate Change (5-15%),Decrease in Tempo ‚Üí Decrease in Arousal
000:03:53.881000,16.1.csv,Audio File 16.mp3,0.707237734,0.96238547,Green,Audio File 16,133.9285714,7.051808599,140.8599624,-0.047619048,0.036258711,-8.753501401,233.881,-6.696428571,6.696428571,-5.52871862,-4.761904762,4.761904762,4.761904762,0.347755203,0.347755203,Small Change (0-5%),Decrease in Tempo ‚Üí Increase in Arousal
000:03:56.001000,16.2.csv,Audio File 16.mp3,0.708683113,0.925935451,Green,Audio File 16,125,7.83902809,133.1845238,-0.066666667,0.046092581,-4.211590296,236.001,-8.928571429,8.928571429,2.142410898,-6.666666667,6.666666667,6.666666667,-0.03645002,0.03645002,Moderate Change (5-15%),Decrease in Tempo ‚Üí Decrease in Arousal
000:03:56.766000,16.2.csv,Audio File 16.mp3,0.752769154,0.951652308,Green,Audio File 16,133.9285714,5.154913118,130.952381,0.071428571,0.04942858,11.6713352,236.766,8.928571429,8.928571429,20.76199411,7.142857143,7.142857143,7.142857143,0.025716857,0.025716857,Moderate Change (5-15%),Increase in Tempo ‚Üí Increase in Arousal
000:03:57.572000,16.11.csv,Audio File 16.mp3,0.284340054,0.313010092,Green,Audio File 16,133.9285714,5.154913118,130.952381,0,0.045862661,0,237.572,0,0,-14.48056477,0,0,0,-0.638642216,0.638642216,Small Change (0-5%),No Change
000:03:58.705000,16.11.csv,Audio File 16.mp3,0.284340054,0.14936114,Green,Audio File 16,127.8409091,3.514713489,131.8993506,-0.045454545,0.035125506,-5.373047076,238.705,-6.087662338,6.087662338,-4.742318691,-4.545454545,4.545454545,4.545454545,-0.163648952,0.163648952,Small Change (0-5%),Decrease in Tempo ‚Üí Decrease in Arousal
000:03:59.137000,16.11.csv,Audio File 16.mp3,0.284340054,0.071732791,Green,Audio File 16,127.8409091,3.514713489,129.8701299,0,0.031025007,0,239.137,0,0,12.43760897,0,0,0,-0.077628349,0.077628349,Small Change (0-5%),No Change
000:03:59.837000,16.11.csv,Audio File 16.mp3,0.2759478,-0.127583241,Blue,Audio File 16,130.8139535,1.716487983,128.8319239,0.023255814,0.022344566,4.247206282,239.837,2.973044397,2.973044397,6.067437546,2.325581395,2.325581395,2.325581395,-0.199316031,0.199316031,Small Change (0-5%),Increase in Tempo ‚Üí Decrease in Arousal
000:04:00.305000,16.11.csv,Audio File 16.mp3,0.2759478,-0.375154732,Blue,Audio File 16,130.8139535,1.716487983,129.8229387,0,0.017869508,0,240.305,0,0,-9.075227098,0,0,0,-0.247571492,0.247571492,Small Change (0-5%),No Change
000:04:00.803000,16.11.csv,Audio File 16.mp3,0.303222626,-0.473763716,Blue,Audio File 16,130.8139535,0,130.8139535,0,0.00884841,0,240.803,0,0,0,0,0,0,-0.098608984,0.098608984,Small Change (0-5%),No Change
000:04:02.115000,16.10.csv,Audio File 16.mp3,0.272767171,0.514175993,Green,Audio File 16,140.625,5.664410345,134.0843023,0.075,0.018488968,7.477931792,242.115,9.811046512,9.811046512,5.699643134,7.5,7.5,7.5,0.987939709,0.987939709,Moderate Change (5-15%),Increase in Tempo ‚Üí Increase in Arousal
000:04:05.787000,16.3.csv,Audio File 16.mp3,0.167459427,0.809310032,Green,Audio File 16,125,7.897249667,132.1463178,-0.111111111,0.034002182,-4.255174292,245.787,-15.625,15.625,-3.195290328,-11.11111111,11.11111111,11.11111111,0.295134039,0.295134039,Moderate Change (5-15%),Decrease in Tempo ‚Üí Increase in Arousal
000:04:07.836000,16.3.csv,Audio File 16.mp3,0.185274259,0.652539504,Green,Audio File 16,122.2826087,9.8992269,129.3025362,-0.02173913,0.05952173,-1.326203662,247.836,-2.717391304,2.717391304,1.42946346,-2.173913043,2.173913043,2.173913043,-0.156770527,0.156770527,Small Change (0-5%),Decrease in Tempo ‚Üí Decrease in Arousal
000:04:09.270000,16.3.csv,Audio File 16.mp3,0.183492776,0.550994958,Green,Audio File 16,125,1.568886601,124.0942029,0.022222222,0.049654252,1.894973016,249.27,2.717391304,2.717391304,2.246287781,2.222222222,2.222222222,2.222222222,-0.101544546,0.101544546,Small Change (0-5%),Increase in Tempo ‚Üí Decrease in Arousal
000:04:10.020000,16.18.csv,Audio File 16.mp3,0.311688312,-0.090909091,Blue,Audio File 16,130.8139535,4.358327558,126.0321874,0.046511628,0.041260806,7.751937984,250.02,5.813953488,5.813953488,7.809286625,4.651162791,4.651162791,4.651162791,-0.641904049,0.641904049,Small Change (0-5%),Increase in Tempo ‚Üí Decrease in Arousal
000:04:10.149000,16.18.csv,Audio File 16.mp3,0.311688312,-0.090909091,Blue,Audio File 16,130.8139535,3.356687612,128.875969,0,0.024423217,0,250.149,0,0,-60.09254252,0,0,0,0,0,Small Change (0-5%),No Change
000:04:10.623000,16.18.csv,Audio File 16.mp3,0.334415584,-0.237012987,Blue,Audio File 16,127.8409091,1.716487983,129.8229387,-0.022727273,0.024616235,-6.272245564,250.623,-2.973044397,2.973044397,-13.23258558,-2.272727273,2.272727273,2.272727273,-0.146103896,0.146103896,Small Change (0-5%),Decrease in Tempo ‚Üí Decrease in Arousal
000:04:16.917000,16.15.csv,Audio File 16.mp3,0.233236152,0.193214948,Green,Audio File 16,122.2826087,4.330464568,126.9791571,-0.043478261,0.024457127,-0.883110962,256.917,-5.558300395,5.558300395,0.856233651,-4.347826087,4.347826087,4.347826087,0.430227935,0.430227935,Small Change (0-5%),Decrease in Tempo ‚Üí Increase in Arousal